{"file_hashes":[{"block_hashes":["pORn94BeaDv2LCq67Bjp9j8LkakpNx3MY7rQHvT3d9E=","5QvQfhiyxwJc/M+rFuTtUug3g47geBZHCe7o5wXlPyc=","WX7vUtjXANI6QI0c7yCCh4TCawow90hmXPDY+bSCPiM="],"block_size":4096,"path":"128.png"},{"block_hashes":["PvVjVIFZcNfu+cjV7J3Lykwjt0wIj25BTvdA0rLBn4s="],"block_size":4096,"path":"background.html"},{"block_hashes":["Jhl+xKeuCrCwNJ8mVllmP7NOsBJ8L/L3wZH9X7WMHAw="],"block_size":4096,"path":"changeProject.html"},{"block_hashes":["Pg1e0HlBkc3FCI4Svy5TdbEb+5eRpQnQNWZFqZTiyus=","7E26uOr8J7HjwQ7wxAMrGSgiVV8/DXF0g0j4w2wCXuo=","6wso+2d0kvLroVqI0FDEH5phEN5uXzCFTlNiKbt8v3I=","PUZ7G/JluMy4oMyifNHtEizXxPONz20m69xVTKDCZvA=","ToQt+D/z2Dpx6mfzEKGU+Y2ra2w+hcP5/ZZ+Zc8QbEs="],"block_size":4096,"path":"debug.html"},{"block_hashes":["7TZUSRaNSzGz2Utsndmcoi6+noZXkL1QMeJ1zsf/aCI="],"block_size":4096,"path":"env.html"},{"block_hashes":["z/ylB38oSoILcv56Bgr/62A0t3Bo2bXKsNsET1Id7ds="],"block_size":4096,"path":"index.html"},{"block_hashes":["u0pHhoWXlhqy/pswHkaJTb7hdbdzi78IB4GNBBs5fKE=","YmJ0p0D/vRcFdgVYE676+nV6pWC6EZR4rhLtYpsrqsQ="],"block_size":4096,"path":"json.html"},{"block_hashes":["13AYjqD400hEAk7SU33TRv84raSTp4Jp9n4Xa9h8yM4=","jhCYnSUyN1iPyVRyX51mvHOqAjlOt7MWYUzCeKEIhVU=","W+fP93z6lBiyNsiYKpXUB7rOmc5Zdr9XvC+b4a6Bj50=","dulPyXcdgN2sHfZ7/na/oPtd19WfMcS/rqOz0VBUH08=","e1s4T0JBaWAUbTftZrpAi3dmRCBL0LXdNSgwRvvq2Qw=","2Fsu7mid8DrclvFC/N6WVG42SIhXMwbh2ShyJd3CyJU=","WgywKqgKUxhKJtrRIBYhEwZXBQNO/K/6VRwJEd7UGSg=","McgXxuYO0SOIgwh4SECy5JeIrvYNTLc7kJkmPnJbejU=","Paj0QXsLwBF2ZekwqMmVrCs1tvky4quyMhLAoIYuifk=","Jber+CM8/zy8pzmqWPtcr2ls5iLAYdHiFWeosaMBYcA=","v6vNPP7ohXHDdzbP2kwjEGjZoIre7kKWgns/K2EMMzU=","A1u/pqtJ3yEz8Pu686PgA0idn0+nT4+HBRyh7cNxb6g=","frhLNIeGiOnC1mlN15RKc60nQeVDiIU8f1qDB+d0IZU=","aXnSwcxZweGHNrltTijiZbBxWUYFGkqUYC8UbDui8TM=","lp+9qJI1ohbQt4q4j7Py5x2NKbrwlpyS4EO7Stq+nxI=","69zkd0kOfOSSJx7Hgqro4i6ULF+dBdBgh4og2zoHkdU="],"block_size":4096,"path":"logoTitle3.png"},{"block_hashes":["fOhE724tSaaCtQ7ydePXCsfDP5peCUIM/FnG+rf18Qk="],"block_size":4096,"path":"manifest_bak.json"},{"block_hashes":["jF7w3cYzPdoQV+M03RB33C/HkFniYAvb2aUsFFA9km8="],"block_size":4096,"path":"more.html"},{"block_hashes":["tdK/0P9PBicl0BComMSAsY22G+GeIoX6nD5kKjyHTaA=","DCQMDqkwVgLkgsVXpSUEODQRhcfj/6xRBYPcMw71ddU="],"block_size":4096,"path":"moreTools.html"},{"block_hashes":["vl3PGYP4/6ZkKvd8POfD/hzFQqoVtkNgS42AheBocdI=","FqiQOnSri55S0ewCF27nwwo5pxR5Yrxs9cIGweSo6B8="],"block_size":4096,"path":"setting.html"},{"block_hashes":["Mk7xjXkIkb3hXB2KdTyXWRRtPceOUD7gmp6XP08MyvU=","1YmnJx4I75PFIdmOUqJchtDyaHQIQlTCmw65TaawYDY="],"block_size":4096,"path":"source/base-dao.js"},{"block_hashes":["Bgy0IVIVaYxYsxxyjITPv3FA897u+mlshGeVcDj6Izw=","pISTNzPLUf4QFbTam8eHascGHiyUMsIypGJv8PnxgKU=","hq7d5e89vI2YY/H798NiPFOYtam1urYAtamkTKt+x3c=","X9BTrIomMTY2h11RzYWLqBk9nSR6812y/QfemFPYrv0="],"block_size":4096,"path":"source/base.css"},{"block_hashes":["8djutM1kJmdhlXkhyjIIFzkHkpj8iApCpjljwVxLiEw="],"block_size":4096,"path":"source/changeProjectHtml.js"},{"block_hashes":["sKdyoiY3O1UPmlYCEAHftCpBBkZDWxA/YGY4Dmq/wOo=","Tf+AOB8VGYqKxfsOjbLG46WX6r3UzWtn1wNVoRZzaOg=","NxMAZJFQyEmGv0mJPxf6B8ge9z4OaQD4p7p7+XCdZgU=","ZSSw+3rOSLD/UmksNWfCpK/wtdOwp1ltdGd5xDIHhcA="],"block_size":4096,"path":"source/constant.js"},{"block_hashes":["eiAb2ISjJDrWMc/EA6U0jSHJc0A2fyA1M10UJGGT9Gg="],"block_size":4096,"path":"source/content_scripts.js"},{"block_hashes":["vUN6DXcLac6gxTA/Z0zqw+Q+wUqGYbFkJX6UhXrwAdk=","oBmTbIwGGrgE9wqr0oTDVzXJRXtLCVlv3bbgUMF7KRQ=","6mK7yGMLlsjKAJZRbQQO7AxPLRZx7A8AQ0MjaPpJjV4=","Gv0X7R1iOiFXKsxt3ifWe497NDyi2/vvsvuFkqJvoLw=","0T+IyFA9vbGDHjB1vI2C9R2zh7D5OTcQTZdbAwqQ8cM=","/xmZtejaAXTp9nMoAw4nxJKdS2HvYYygcKsO7Fwcrl8=","bWC4mjadicKjcU/q+7E7PMkeeYfoAl/IdJxPvLNqmIQ="],"block_size":4096,"path":"source/crapApi.js"},{"block_hashes":["FwuvpBiWgG/Qy1kbM9dCqIMnZ80TPiTx0sYMC3R0j8k="],"block_size":4096,"path":"source/env-dao.js"},{"block_hashes":["bju0oAs4N1cD1AL43wB3LK7qWD/0IWCM2eIXEcLx1SA=","/ULTB+tLdvMj1dCqZbyCGcrKR+W7YeowLvFhI4igp9g="],"block_size":4096,"path":"source/env.js"},{"block_hashes":["Wxa/C16DVrbhxek+BDYavlmLtD517h5iL/0ylSYjiXk=","rEbfaOf9ePMXN298lsNOvpgQn4epMz2WsX79GJbPUrM=","TOua46EQLRNJxZFFoLjuzpnu+FIMT2544kRvGagicqs=","lgcoKo7t81w7n/RXRFxoN2UdRJFTtxNOzXMD5BRmubE=","lrK6EUxZx32EfHhT3lQ4wGJ+VyfNGfPV6kfN+G85dmU=","3D9r2ZkRI7RLKsZbCHTNg2tV3g7d0/3spxmV4Qfrds4=","maTdCYWHopNCXMzjNLE3Wup1yyqjxaNn+qwWCKFOSBM="],"block_size":4096,"path":"source/iconfont/iconfont.css"},{"block_hashes":["JntJl6gF1HFq5igtVji75SAyrK0d0lOm3O7eVlsix+I=","eahygrJ/tA48FLVCGVqUQIV2rnq9nUdrOJZ444zo8G8=","GTqYi3/aYVYMaIDu8JQk53Wsi7EimZYYLF02PKXdj/Y=","dOfYnjgcvE1rNwc7YL18vfosagqyEEhlAbjaWuhnvAM=","ieF5J+QTpQNexV6K99+RowrTRpImE4Nklpcs0TlkC2E=","vYUxycqcSGkK62iAicL8h7IVrNNkRBSE9OMZRf9DkY4=","GQhxFDD8eWqcswu80rjfN7NvOy3YtZT22Opv/DWvGJ0=","2o4pbyCfnGklq0CDeJ3h1vgmFokjU882rz1Pfagu86k="],"block_size":4096,"path":"source/iconfont/iconfont.eot"},{"block_hashes":["vneKEaeh9bOwwQWjjp+3XBT2ZqzQae0yNX0sN37LaQk=","1PKX45MhZGrinQ3fE6NElFzfPNbIlQYdno/ujuNDct8=","8H1NHv83Qixgp8ShKNoc7ZCVE5Zxn+V3+GQlUbMToUo=","aL3cN0tY03qDBfZO9l839cSxGZ6Uz7GuGZLUhHknpu4=","JZuNoRM6bdvZPZiBtPZovjvFQxI45wYLHTfiPvxYaeM=","nMMYY/YYt8gwi2jnLvtIg7W6128IZpgpokUCakL6a/s=","JCIE53lWbp4FA0JkH2bD5e02swp+AKLVTKeb/RxHgMc=","q4hy1IsjBrD2cT1c2psjP5vvWq0MUVGU836a9o0Ge/U=","LT8QZWBwBbZ82QJancoa+VDq7fDedgT4wGbNeKxWjPI=","wWnqDSQ+UUN+Bs1jZBdUcU+0H6YKZSTgmxfAjtAnAeU=","+7nnQqnogLx6alQES+gRb7QgCL0qmCj2l93+c2g/dL4=","IEpT3iFi/bnnC5hyRCVmiUEZ7c5ZOMnfx8+VmGK3IpI=","yE5Rya1mKqOqQXs9PjNobVJ18WSi/DcbJxUPmK5pMbU=","wf356QEhkRiOc3Zw1fqAxpxYliWGz0ZI3d8vhnwDCT8=","Nqq3sFNW+QyOM+5To7TKjTNQF4IP/DUUTZyJzNeFBSY=","zdiVl6pkwSw+HFIK1wCVeJaF3JkVK3gsAQs6xozV++w=","E0TM6TLdiYPU00xMKoNo0bOTm+BPvgGJH8sDTMS2oUQ=","M5jrojqAfCkQ5S7qJUln+IHqHbP21+btq6ZVV9bMrSo=","iXExRmj5v1Porb2MLiH7v/4bOMvVfFXmntloY0EEznM=","QH5rbpLURuJuzFQ/Yu+33Nv0sdQ+ZfEUjW+NGYGhcvw=","Di0RYW/ctG8zKqKQCC/7PYiVjkceJSmpz0I8RUsg+vo=","myWu8Gw5IYrhhi+kabFprIdRrZJ3dYtoV43zzNVlDCk=","uyInN4Dp6UfEdg17gjfhjW/nqjMyHOn67OXMlQyNah0=","C5oyW/BkZCAVCyUT38HFYbSRJ4f+d3zbbRVFfJACqGY=","eW1LBJ7iG5Ab4JtSXeuW6OPLeGSVM+1K/yEidBy2rSA=","oD7728vg35elvPAKMSPauDDAnPH0P2ERbUKVs3711LA=","7Rrjt8ZEOYjTC9TDveuBc695pJhau7gzZ67topMsGIs=","S0lTIrmHi7SqAdC1b78eEOZuUNst0/zh6UbLv2WHXo8=","RToG0RImeORoiKdft2kZRnwLBiiRvh0lyURUeR656Bs=","wIV28aQFJWT95FQFXaEcJrAXnowplywRoyL7G9Tbooc=","zyflQn4oOgBQraPM5RCm8A3z6aGcLqTiEoJ5CbHgQQo=","W+PXFnteOyYIDzjRJUnBonQPy4mFf3KZirJya+houPg=","mIpapeYtaIGzfOxDF7BTixDVzVkWg4u3rnNTE/7DsIw=","YXe3/nk96Zcx2gprZcQDiQ30/NzsdOoGdgfh/UHKorg=","EKIQeivwSeshgSz7nIenv6UTYNx+30v57cD5iFQmsS0=","Wsp7hhl59voxQKC0E4ufZCCwbcMrP0ZglELoefyX76s=","U3CpB5crzHlU/LGTIEkCIUISQ+Rgx10bybwadE9nKS0=","avzOVlUzOR2EYZFlcTJxhQ8j4wurn6vqgdhl31VNeMg=","CMJfIjcbnp5iOMVXdVfPbT8Ja3kfhB04MvlLaJPPlZk=","lkaVoOB49vveZavb1coxRT+HWVd019eQj2Uzm1GEEwE=","pnROZqED/doe2Ep8DTOTODgJndvIVLOMo6M8KhfFZLQ=","x/e7D8KL2JCjlW7QPfKqio5FnlxlEfAXMRebFsP4rxM=","FvGgWDemda3tY2P0nPKC5hgpkqwhVI7e1gY0n8BPCSY=","fTmr0et7Ery/ri58SIxKgpjD+EBCF9pCZycctQ6sn/Q=","EpSp16o4J/H0fn7yPZ/3cjP0GBEodL0MYb8PX5giEvo=","QNe3UtJwWB8PP/u2KkCmJCmedoJ91FQ0B4Wg9LVVJuI=","y5YYt0QFiyFkuX9wcERgGAeRuCKLb3Qq7mg/lrNvAog="],"block_size":4096,"path":"source/iconfont/iconfont.js"},{"block_hashes":["kkBbCX5POiRgzMaDJHeYNkPJ/67bdqmO0ZrNdj8vsoo=","aTemvnSWtC1YaNcAzeJgKMH40BwF+qSOR7QO1b1RxNA=","Se8hu+KJn5t2OOq7UOx7Y2V9wR/+FnXdlQoo/NNx9XM=","xjm+O1dOE/GIU5xhvuZRCrh0lxzC6tHzXT+7ZTj3xrc="],"block_size":4096,"path":"source/iconfont/iconfont.json"},{"block_hashes":["bLRpCy9OCEGl3Ees+3eEeNjfbrlER2TXiUfadHxyMuY=","QgTmAty88OtwC0I1F5twPHUvPLUxzfJoyZk2y4fbOoY=","8usK2FW6pSf1fiNQBL7biA2Mv5gVEA7gyUeILNx1zTI=","joYWlLRCwAYiozjOF/xriXlG5BA5mNvSRv0pO5CyOcQ=","qEyzsJdB8ewwNp0f8WEq9BilQxl3fGNUMpDmqv81T1Y=","Oa0Oyh/hB1rXBVSCRPiL7ZLrfnA0rZUicq1eG5A4vdM=","6BvJZzevvrV7ickSokGMXkYaxcz/Wk4DghgybmffuMo=","FHDvnLFnat3RyEkGUliHDahLdqnveoEckTqbuweOT9M=","a5HvmwmLNYIe6P1/DrsEBD9yoPeeQTg/fn6z9KQltZo=","xARF/rrGeLB/a6GtKye4KFSq4J365qnvnSiMw/OP5+U=","RiXzHY+XNJLLxiaoIjxs0eJkdqpevtemkpqA8vTEUtI=","6pOz3YkE5Ls3qH6HODegq0eu7Jr48uSphBjla7hTWVg=","cbAuic0xwphle3RzE5NPi7QHU4+t6NzHjqpQSq60rrk=","ViTCzGigm7p6MvE89UVD61lZ3mFNfQwNaU6bvKiAZVQ=","9AB7NK9SPQ/MyxidgcKO+JiLypny/XjIaICb2B1+h2U=","DsktWcyoZWDagWC9hqIgPFIAa0xZ1vza6ER9g9EC0pg=","Mvf681ERWzPFTgE9n4eDHfT3R+NFx7JAc8IuffXgM1Q=","IGr3FBNKcdwW8MpvcijkDsJz6LQPDCDAphwAlJNqlTk=","3V4ZX2PRl/0ZPC473uILJdNe6laWI5XCv3t9TNqK/q0=","vqn9CVg9qOpXUzxnxtymksWZYQPACHu7q7yaFZImCrA=","/0Ypru8+YHXeOIC+ePc/sG10T9txDnSpjlSKwBS18lA=","bG8fUskN5nT4JygQd5vl+H+HvElbuuoGPN/RX76Hdhc=","gVuxHRnyrdtlPFAMkw7zkGFN23ZwyjOuLasSGM/pJUw=","RNgBxTGk4hGLS4CmbAQClaUZ0PP4gz14Rz+0/D4acRI=","XBOzM4M7SmYt6g65tbR6P9z9kDZVrpt9TaMBaJnjDpM=","sNNfUeXoMtImUMb3uod4vx5qvSIhGsCqub5hpFqf+c8=","9cG6kwd54xqO+xu37h0OX/xhVl7Yc7QKuDCHpNH7YiU=","uZWNjsNgvGebqtym6kJnRnSnQXYAkWXNj6VkY7vPjG4=","DbS9CQYJ9Dh6C4K672cCRAZxZ/dr1IoDbOHgLDBcYeo=","OyR5LmMO+WeCY+wz7EteY5ZKnzav2ITOBytATmzqDT0=","HyJ8g6S0jTpzWYvptMLtg25PD4miF/p8xndBeQfN69E=","jRt6GvL1orFJyZpCy/kdJ9cN4JFnQCUmMPDCDnx8wxw=","HkQfxyAf5VFj7iikKGpVu0o+zO0AjgNnXRP5gAUqFP8=","gGHVPYepffM6S4XC0hwxb2hsTk/pDhX93alGZh9kPc4=","acJHCGmsrWMDlCS5Bmf3GnuknfcEgy11xHZ5hhrr4v4=","jgyVID1hmOsdJ0xpb3QK9J2tlzjLOPe/L1mTeWmPl+Q=","b3sqROWGn5qOW5Gxo2oEuRaJuIn52het7Ce5uaCxOmM=","TTN67akhatw4tOc8pia0N8qJ6QCnwvLn5FtSwbp2Bik=","fEUJX6q56oiZI6j6SorsUo8SzXDoNQvL1QzatPGNvc8=","srReULqQ+zQ1QHEmsKWCb0TXslQf7iC6Yqe3GBfCQDU=","qMySLjf8EkCe5jJgMGnKAAwJaa8pmNM/rtmyNuTQQMo=","yw1mRrX+41+uOofotm1Aihu1bdwEyyGjU6YyGuXffd4=","+K0rczq5Y7gSUCd0KK4d/63D17wWy+TCVL6vhBQHnZI=","gtNxUrjyev+lWWllAU63FNUNCp6OT2k8db/9kvQ3aEk=","0EOYEjXlEXdAUWe0MR65t9S5gVneWiAuNawOysC37cc="],"block_size":4096,"path":"source/iconfont/iconfont.svg"},{"block_hashes":["5wss9QycGJZShjJDv/KB8VUs3Vq2sMYw+LXWX+6JlHM=","seMR38ZQzr60r3Aa4v+Ss2n9MUzTY00Oxan27zViKSU=","vzpw3WWS4WyVBAHU0B2L2Rd7cwIQBu2rkXn5pbJZ7yU=","CJw6Fl5NcgFKHRBQYqzGp4iD37jD7ffDZgGcnDjF2Sk=","rbhLBH9Wd6H3F6pubbSeJuhv/YkXBF6zPJJIRCFJBRo=","F80cNhV910MjGWKTXeegBjpAbnv15tLGIl74jmPVAe0=","VFZDYQhz9BHPpjpraopYamas1S1pBLpDXQ2LD4WZK/4=","vSoGonXOLpGQMX7zL+JicNcXiQCBY6hQIPO5UlH7c0I="],"block_size":4096,"path":"source/iconfont/iconfont.ttf"},{"block_hashes":["oM8QTzex2tZW3sTi5SHSMKFZmbh+xqsLGdGAj0u+8bE=","Hqd01coSzL5J6arr3bGanbpriWnO9zqlDTSLj+bDtLA=","mtIn6Jjo3SjJCwuno3e7GgDid5yHVZ2R9HJ7t8p6eKg=","hMPTnI8eU2lW9QmdOguKyW65+5a0EDJNmKMH9qrL4G0=","RYyOUZS0n+8NO1Enrylhu+RCSCPqjV2+IpqHp50N0M0="],"block_size":4096,"path":"source/iconfont/iconfont.woff"},{"block_hashes":["8OGQLA4lO9UsA62MRlC3zAKMtmcwP6Tc3lYBxxrkAUc=","bEJy74dQEJFF83uMTTiyBBmAV7+csSA1XefmnCXkXBM=","mcs+jcYLYL+mXkbLiTAHqku9c23DMS0qynBGvhI9Ywo=","1uqV16bpTLywtj+R5T3rM36OHDoeJYwjvgXWaEYLt68="],"block_size":4096,"path":"source/iconfont/iconfont.woff2"},{"block_hashes":["3guQP6zyb1pgFVFnR7RJnrzySmpfemWG+Sn7pYp2W80=","Gk8XRSNB8dBm5nHP2yOuTVD0X2txc6lWZryCtazq/vM=","AmCsdKCP+hCTL9oofA8shy5J2vkX66NzOwKfG0CQSvw=","ViGZXIAggCRwlcXYnJLZmB0esvQvR9/ldL8fSmwoFJU="],"block_size":4096,"path":"source/image/defCover.jpg"},{"block_hashes":["5GlZSkmqX3XskLH62sXwSJKfkrxfs2/LqWwSC0gII5U=","2v3if0cEeCVdFtdCtOV4D+mOSSJZdSaBrD4rK61rNDM=","xbwW335jsP/dCHQ5W/SVvIrwAmHxBbx/JVrM0Butcto=","rU+2/B8IWudg4/45e0SDmYXyPX+5+uTgceruamPd9iA=","ddW+rFdHK8fVR9smH6GChDsfYYfUFedRHRonQPcgYoM=","nMmXjBBUbZfNqmBZPAQU7rIVEqBsAMywte//AX7l6qE=","pNDr7vH+6IEwSzHqj/yBrRzJuZp2eWqgFf3NGcmJ/E4=","QYBGQGfmjWYUBt5SQEXNfwpS1pKEx7K1vBouGGDs16c=","12r1idTby5/QCe6lQVAz5I1NmqJPO36fgydHzFF9vYQ=","gzaEeXbR3YnvkNIGgP491FncRJb6Gv02AsDoaW3tFLE=","sCxmXMyfSg6aVUkjyCWhXVDCpahHPQ3e6hYh+lvTY9w=","JdrFuii/8iWwrnScdJfnE4HoS5DbTpKFJUGhZdaXbq8=","UNlJZahP3XQV0uvSw4miytcpWuWOys+qh6pwqbu6TPc=","3AN7jaL6DkGuR1bEOG2jC3bPqGxO4HfUavQIhgMtg0k=","n9HcAE2h2tHsXkLYxEBCl1bqVdLGvKdkBuXMU0Lgadc=","gsXsAwW9FFi8P0nl/KPPUSjY9lbapzlgfxfyvayOggI=","7vISkEhYM/Ie//tRG3s3oOZeDE8HpWjsuctlPomR9/I=","2rk3Kf+GDXMkUnID85dzbQZAiWVJw8zmwcM/HS0q7Z4=","P6ouFgYQt2c37uqJ/o/q93o8C6h97JM8dMhByqz/Z+s=","dpm0CF5SOq/GyBNNAX+0pFdVbvdKuL2kYWbcH8RGzAQ=","NLGFeEKyNLD5Vx6vYdeiRHId4vnZDxZrhKs+w568nNo=","QWlqsTISPRHsbqtE8RqT7ezbahC7bG/uIc/LTa5Vyus=","1ilqVVOubiiL8QKOPaAkIlQeqrVLdX2AZCYDeTCu+NY=","PJ4mPacRftE92ERnbWefKVze0aI4i0vM0CnJ80gE1Wo=","cgAvF7YgHgnoRvHI2YoQ6ffHN5RwszZSRnz3ezSmhNg=","JckQv+c/H++blXM1oJ3UXh0zf+md70u1IlicVpWr0H4=","2ibmL/diUu/I4j2fdzhYOkg1yT5c2YIUK1uhWmh7PeY=","jr1ZJZkBF3C1PU/EvGPlbkUucV/tdcOBCAa8xCnjfMY=","oz8DQpBBK0YjDRPeGGiLaAaN6LWb7KNQy6pHxWZ4vWU=","kkLdXYDBoNzpruK0uzXLOq5UzlgkeQFhcabszWKyIAQ=","hgpQo85YTi6SGTt/I24e7EEWHXbOEAlUoyklDHm+apA=","wnHYoXiUpXfsKDq0HjVGtWI3NscJq7OjKgIkLqmp7yE=","lPM9yuVeD7DnVUFpsG7j1ZZZ2j/WeNx305dcRSeG8qY=","lhjU8UvPSNFaQuPYSaFQFM9qsdYYMaTeA2j4a9wAILc=","F9/jFAxEjX98hmKWFByqr0J8h0Inh3OUJ+x3wo2T1ew=","km9yOvg3rut+R0Ssh6p1sq2aAedLQX94gYSBOXKSWeA=","Tbj2WshklakQvE0AT9T2qMwwKBD/ntWEv12u+HmUM+M=","iODF9HS9+yQQpVCQ1l4iRpIwI4j/OYntyjVQ7bolehQ=","/VlB+Dr9w9La//TQbn9DU2cVqxJUo8Wl6XKyfQTib7g=","6QrzAyDRS6EVPAOz+SnbkIcwnun08yNOkv7hzF5072s=","B7PkQpHYotodOyhuLZHN01SVaplQCts6nPZpbGG5OnU=","j+L106M0KqV//yuc7QsbTsjGrmxFBvuhVqdJCjgrmhM=","95eWmLQzvea4hVnMOWMm4gimAuNqDnDd8vLdHChB1j0=","9pHUKqFELTQfldSpSnfdE2UcZZdgOy4ETu2dxMD/Gr4=","7rY4aDcHBv3lQTfT+n9AzMK3LeR7ECYjcqMSZRW/ToQ=","79eRdVDBst+3WblrDXjGnuvIC8UAorTaGXqLVi1cVsM=","ugmcy4FcnVZXH8ME8XUJrx6IJIAUUNL4NNKD1iK0Krc=","wdhtVSjkIzyAbzUDLgMHyb6JPhaNIyaepT9lgmMGx04=","vpO1VGArDP/vyFJpdzYaKCbZCPkOM0oCILmODzZjZQw=","XQfV8szJCxUsIdyzoItHytFrOghyOu5PgUJIx8+9vzk=","gnO++8AZ2I03Ewui3ViohGxNpdFCEFDn2O78BYKt3ZU=","KLsOhTtA6h2lR57rqBhrI9vDy2kIJJky55bhiX5ZnIU=","FKGeZVx8YJx+S//x6w7zwD+mQDk57CE/TBPbH6Sj9cU=","6MczITWORBGiXRN8qnreGGIQ3pr9/aA5m7/+vKIeTvU=","wdYUWW0QsXmfvOROxRPS/xJw8ulJRTN+Qf25Kh3eUJY=","0Dh3Pk6PGl6yQJSF8GopRlkTCsR5m3H7Ot8jt3L9+ug=","E581zvKMTVXjwyAOIWyQHVivQDVj1iblgKSxaxIskfU=","QQVl+TWZXX9359P1GiKgLpgCjIdydtnzJMKNoRcoOu0=","2YrRb7u4sJjzZ6KeWLG1p5RT1cHZlU6Ay1RH3PMU8f8=","UwukYK5QeKaC5wKWyfZ2JXddmZPzY4I4qR9LLME/6kM=","dL6zUYRTeSGAdL1LpaFWBbc9LE5Rn5h4yhsUD8NV7oY=","aDIl2wEneK/7zbEnt4aXumF/7+0GeABsudAO01KJkoI=","LI0TcZwgF4LVRr93SPScaH6qCLXSAkLWs1ToCbrOyys=","1g7ET+Gcx1wFaTEeLZHY50DAyuPLEQstgTGQ8bI9yYI=","qGwbokL2OCm3YiutYkzLLIoFpSLF1jLHqA3Cgu5Ri8E=","AIkhm2jarr1rBZNvlOsfAQ0a6vYYUmg16U6BYs5d1TE=","dFEVtnQR9w11zKjgnMHWIgqagxSUcC4N6QzABTvkl28=","3cOg0wVB+rASq7lQ2AxqZ7qV8vUNlWRCiFNvQu4yt3E=","mBqUsMKsPdB9QyyDXvmIT1HDN1Teq6qTglWr/+NzQ80=","nxPda9kGvw6IGXoRTUBWRP3M0FPg+YYPw5gkdoXqTN8=","Ch0wZPkFB8moQ5YB9wJGykBkWBbsYS98GTkcMrJqU5g=","GvVkt6RD2YQSgWZA5AkT4kl8fvRZm2HCLKaZLVZEHOk=","htvJ+oXcX3RBLbmBC0tnLZoogoXTOLk8uwZRtj1oRPU=","XF7ULsWOuwr7ijn2pNhTbhsOHr+J1juV4ShkRADpvqQ=","DViQwJLMlF8f9eg9C/wtqk+1wzKTRKW1tgSyM+eDzPM=","zd22YtoTSfB7y9j2HJcIwJEPA/gjOA5v1g6cV+AXloI=","ka8RLuq7TZmXDS3TyV2c+NoQhsQEcZ9KEptW5lKwY8E=","4xICTnzreEbP+cf39RusJ3fDoIqUHMEGxoZXmPG7yN0=","a23tecADLIJEo92T2bdZZMJpJUWEuK9cIwDiIcGlaLM=","LqzWxsiqsu5eki0gqH7Tfw081sb77z6bcMy6a5i7ulE=","AMQSas8Z90whYFYNzQ7PEL/ZmDwKrIYiwSNMhrQIkYU=","saouUOE8ArDpu60sBBOXBNyvuKcVqH0CowCcZC5CEXo=","+9z8YFx7HL6aOmsYVfMbijamBeGDfovAP5DGus86+58=","k1rAc182y8Kvb8iKOajtZDKM/7FH6jhnIa29bHjVIX4="],"block_size":4096,"path":"source/image/wechat.jpg"},{"block_hashes":["uDWp9Lh/OREt8l410hgO3SCBGmcUn1TAKTN6M3XqCa8="],"block_size":4096,"path":"source/interface-dao.js"},{"block_hashes":["pvSMAYkA5bE3/pfovwC0npDtpZS71YxLuVqR54E2uAw=","DGRcAdr95HrEJYBO6Uz9pkumimG1upAr+2NqxhP6A+U="],"block_size":4096,"path":"source/json.js"},{"block_hashes":["Zl1JD1z8vlvBwzfVaUQo1CbygVTIe9AdWuLmS/bbUQs="],"block_size":4096,"path":"source/jsonHtml.js"},{"block_hashes":["2RQXb9UL1/VlcAAGoxqpe3nTrRfO4gyOX/IGHVy3SBc="],"block_size":4096,"path":"source/locales/dev/translation.json"},{"block_hashes":["30/wXinIqSsTY/bYj6C41XUIXbrOU8hrQxI6lZdo2X8=","fFx7Q/pgXFONWDChocDz+D9WBF1480zpPUwhDGg+PNw="],"block_size":4096,"path":"source/locales/en/translation.json"},{"block_hashes":["8+eo9ORdp6xos41USdaWb8ZbdQ+5EHUYur2ZuxhyIMg=","mT2YVgbKXx8rlk0bOnT+9YAQIvAwHr/8+jn4mYrKsyg="],"block_size":4096,"path":"source/locales/zh-CN/translation.json"},{"block_hashes":["+xRWlIug7Axf4E9RF18s2BNmBhcRtZ0hG1shalG20Dk="],"block_size":4096,"path":"source/module-dao.js"},{"block_hashes":["lgeKGwJuV8Lf+gF/6wP3N/mBvqUUyy1MlVJtmNL/o8Y=","oCnuOesN5UZLVV4E+/tYwgZDfi8vh7xiwQqf689mWtE=","0/wOCTs+7I7hmE9h0syhuopz5263pjNAjMAaTDZnoXk=","lPabFLq+w04OzIrWPS5u0Oy3wfE2fce4xaUv1dQxWFg=","s3Tw2eQ95Vr5kfx/ZHFluFHVHv8tygt5dfjEjPPxJuk=","VnbypXTycRKEcLqKUNSa6x8aRWDq0ewImeKRwGo2N2c=","ojQDswKxymttchVy0+UGbCPX/3g5EkrMMwXBsbujRIs=","ej3dLzpaow7mgmmQWZTT2w/L87k5s/kcqd8PXK23hCM=","ZFMxG5D88d5E+TTbpf0aSBsgigMQ0lGCGhVn4V874eQ=","Ecy3OjRXXUWtA1EBvnovCvD9A5Cs5UMuxDNZbjw/DIc=","XD8QyCIVd57KfBVCbFQBmws+K2t3958KA8uaqPwmtxY="],"block_size":4096,"path":"source/plug-function.js"},{"block_hashes":["w+xvFL8HKWYOMlRDP4uaSKceWRAm/6LM8y99JdnFB7U=","+3+ZuTzUq/cN5J/nghf5NmABjNyqmvxmG2mEKIoONAY=","4sI/EI/6MPKU7JJITpnjYEDiTEWh2x+dGDDpFXsm7Vc="],"block_size":4096,"path":"source/plug.css"},{"block_hashes":["SxIzs1Fyuokc/4MIIweNPtOqjWqgOl9NXLyV90e7zeU=","V9nu84CRno7OYFwctw7ySMRo6cvek8zBRWkVZJUixb8=","tXM0IDv+GCsQltnaFgX0Ycgr8OwT7BMeIYOCVJWDrlc=","9kb3ZMhQOaVcHfNNOvgM/nmLGn/JCfVi6J+0UimVtKs=","ec1TUdW3hoVyYyGtQVSbm7On1FaLcfW3iody+K0esW4=","lgYVnfe8Y7O4IosBwYPCWRSwh4TObla0krjjPxWCJlM=","/S+hCgMpJsAhd6IuBGXzEuSbjYHI4CSp398hbzDe1mo=","3z/7eb/iWCiRw8s3GDm63/Y4qAdzwttI82PR+elEa7w=","KLvPdwNr7JB3L9DvIaWiNDh+T28vCzazgenUSEXPRZM=","h26d3HVquf5m1qD2y2imcv4FIpHhfvdQLkXeFLwr2i8=","zU12Ccj71jAbGvieoTeD+504EETQjp8Ez2H/L6fm11M=","QUKL0UAkrcGV1zNDpS+7FYGmJXxZ/m0C1/6pDC0nVHg=","f/5NL2PNkM5aojKI/l4VlZCfwxG08xwHOnbIfw1bIx8=","PiMh6tacF7uNd1oQZH/qM4eOTdjMS+2gcJjM6GvrS/4=","fmc/sL0gQgDlNoNT7K0vYxZibQbOfUB6UNkwX36Lfic=","3koZVEZsD6Y6hDRB9bA1Sh9saoXMhcC47dPe0DPSHJ8=","v/etDXJEmFE38yTGKFHVYlWCBoYHQ39UoHL50EDYnek=","ijqOOZ48R4FxRhFp0jQOxk3RbmDAqhkPQyx7U4JiqLk=","fWvfd7IMHbAQ27ohVEcpsyhi1zJLdSo1wDRZh92qh7o=","B7+MAWHQkb/ekjzVlbR2tWmhD4YF3iJR7Y9RFeSmpoE=","HlykEQdzO3jjlBk+UwX0LVHrTabHw+wrt0UqWZtgXx0=","vLtheJqb0BS4VreKa3QfckKzGljriMEK5Wb4/CQk4vM=","iDLpKrQOVrje3sxzYTciXTwfdmxcCgjY0ZCeymFmiW4=","DyPNKUXtlxLj6N8F+w3awBslReWCl2L+vlCdpxioYlk=","16UpuzkbeZ7u4aXMU7z2zPvSexmq3oMIot8+46hHmg8=","FUcb6P1486dUE/YHIccvfyqF33aOoXjw5CeF2vDViqw=","GVtG1ZOw/nUdzknxqxtlL2rKxZOHddLO9fO60VaXdY0=","xRLr0yX14xQ6LgO+hSbib8Mo4ZeWAYYJ4mqdbvfdwI8=","18Ld4BuG0w7NPxklOQAq7OPraH+F3UqWalvyWWdXP08=","agp6eE7+kt7+2lhF+562WnUxOyL9zRhZq1acJdhcRI4=","wD55icfxI8oB9z9tsANDXwJ9nrpI7UwrQ1hTQXwAS7I=","7rhOFE+3VPnmpvuE9tbZqJyKrAfHv4YPWwL8xPWX07Y=","Q4Ex20MmK3CMxYdzMqjvylzpjRC3UxjDpd20x7dgfZ8=","TBI7JdNff2R4r+zLmE7yXOOGjkU9zeb2pjS1pU/4Bdk=","b1t76K51yVWY+S3PBru3AAGspvj2IkgEiwF3W7tM5u4="],"block_size":4096,"path":"source/tools/bootstrap.css"},{"block_hashes":["U2M27Ft0fmasKDoO5Yr/1QXJBmUHSRtNvvkGRfKevsQ=","ZxM2rJvp+FlO26l6o+GWjkuymB9lABrsSHPLzGQ+4aA=","DPtjOsHj2+nj4LSghoXONByZNwP4QX7OrQua1gr3FAM=","pfdmM+1yZhXjyw6Qlo9N7Q4HpfqYEfFsLIrklK1JgA0=","MO1r1s8pkbdcXK1BjeM8zPZ/8Fid6pkfnbHRpCiX9O0=","jp0lSAuNYyDinTJjE7mLfz0qm20jPJSb84+jE3i5wOM=","C2TJzx4todOotWajtMC6gZDBnkMkc47sDb0VEa7vWyE=","X8lOJgc4v2LFSYBcxkcljoHouln0sL+3z0nSVWsE+C4=","uReClfqW53vmDMQFvOBnhLD9iwiXxVF5AhH+d6oGh40=","aa9Yq+e4vNSp1SMFFKP+BdtGPZJ/BJQWl/KZU0N/ZSU=","MuxOS57/LO0XFoChftMmdB6LtYCczaOf3iQtwDe2GjM=","aRHUovCriVenV6+LAN/IQXMWHkJhmrJbr/fKgUQSHMo=","OdSU/2SqjiAnCyULa4RiCKHv6Xc+zbjHL216T4oDIjc=","Xj9SsM2i9QHXrs91IHQvsyvXgiNzT0eX1CKuFQEBABM=","bqhDsuxYTVK+vbHE6cnsieaB7/Kr0YDmJUR1PR/H4x0=","mHtWMKHx4Ok6figwZC6ULdq/ElH6noUsd26PxqaPTD4=","KzxeNtj5pEzM8DyAZsjrIe0lFETCP4LeX+gC8OL6X+4="],"block_size":4096,"path":"source/tools/bootstrap.js"},{"block_hashes":["SyJJ8bbRzEwIX24h9PthU6btvHEE1i541ZUWMh4aQGQ=","SBLtWRIKBtQH/O40fMFVrKekLLrD/TLNidksYxdSx7c=","v/fXBEzEkCbnJ0502hK0qxu/epkx6CbwBgiKdf9oAwY=","mthlfmQSzIBoF6KYrOzGFzOfpLZcBhUm3KFLPTqCDMI=","skG7cS/v1R+22CkBS3+svEuDXGgP/EWrL0nKYsRMoBA=","RxszQmCLj51hcapd2VQI/9URnAWeAm2VxDIYGkD7bos=","IWbtjUCR0wXp6FtQ7Kyswj8yYmgN23062RZGGk0gDE8=","yai/Mw4doSpmsYhnaKICf5Sh7hhLcggwL3y6HMXfXDE=","WREj5AtI2L6gsiYSp1jKC7dcG3Niy4PlDCIoYk33EP4="],"block_size":4096,"path":"source/tools/i18next-1.11.2.min.js"},{"block_hashes":["XcsXTjVWahL8r2c2MpjFmqg56ugfTh5Y+14mpJ9MbNM=","Ol/B9eJiigbWE0wF3agpyia5QVtxIrgk9jhuSIDl45A=","VVteFfhbsZYwNRaiuONL1wUapdujqoNOj/uKNGqzdOA=","Sd21Ul2fHBpTOMzuR6b3gucB2TmpnXUjG+bCo56Je0Q=","rbA6a+bekR3v1mO3cp4NhJDbpO/ZHp9zqnekaSI0QA4=","Jx8u94l01sO4o5PplzJ01zmvckqkHRm7QLloiOTwlXY=","r4QdF7nf59SE1XDian1xKB9Nlx6PGJhTdzEg7BySVqE=","BairMz0DAcEmTqLk+fdDFzsvkaemq2sOOlj1ixjfvho=","4OTpIhQHS9JnipiWZeKA3CAtyxMjPP5GFwa3kZnnMno=","Bmauw1vvnvplLa0Dyf8LwPXLWeFJgADH9n1on8yK3ww=","Q7wPjkKM0VEZwo0PZdgfri1RFFUPydMVYNmUoWiZXA0=","DSYxoVA3BqYF+ECBdqHw/sG091znp3xK6QfiPFj35wY=","G/al/B7yArtME/e+XTfpj9FQZA5O8AoV/amVko7zGVk=","9zR29fi1hc7Dzdmj7aa9cb2dl7wMbXSbTHb5qxwHFS8=","WJgkSjOGkJYANI2kaPZ+TooahsASRBRjBXENQH93ALY=","bH8mEqlbDI6iR3VPkvhVRs2fYWpsEMTGS8N1kxUIsik=","h9AF5P9Wl0YiTbsUMmFJZe6YYYQbVGjxydslW6h7tPQ=","IS6pyvxDYhq2zNnGMJNZnK9vD+YQjgMkzoGsn0wKWeQ=","aG0BtPZX87ezU1+hk+NBWwjYtBups1q/XAVqq2E7fh0=","7ssROh5++FPkk8N8gv5hSzPLP3VdvNggfrHuy4Wdaq0=","+tK73OxbyDeuTutM+Rta2orlxWBwJ9RyzNVmpXp039c=","22ucYTb3yfAJ9OzFPR+T0xMEUe+U8nG0rFYvGyMXPRE=","TeZsOh5h0Zgq2e2fyEwbDwbHuMh8fxlQz71fQZGl8y4="],"block_size":4096,"path":"source/tools/jquery-1.9.1.min.js"},{"block_hashes":["3J5O7bGQiGzrv7eVHKAfw2Qonnn5QK8dJayxMQx50lA=","9JiRbZyeapIa6V/wCNebHwIkM2xXpM5x9zSNwB0KzC4=","yqoPumjVPCMRoV02bSKOS4EsBTJn+eJdvBoOfeiidlU=","wY9WluOsYWwtQPR82u7Y+I6G+AaVombyMbsn3/mmU9Q=","MAHBTC65MX4Z+acm9ElCNzFo6zimOdJ/Nhuj+3Q/WjU=","Foyo2S4+r9zU2OX9V9xaWUagLbTJzzCjFaDjfNm01sQ=","hPcKxFFFQUOy+DLhMITM4dvhLIFeqyUrECdBRt9efaI=","t3vr6hPnH+puWWvyQm6B7nu9s9eaO4tZJKJhdhg9Y9s=","0QP3KEvx3tbVJTDBrm5f5Q+RepTSlcwBShRjMPiK0fw=","PoIlKUAmuAx9Tt/SHBj/rd0eKOgQZWlS/V9+xHluZgc=","f4SZMWik94u2VmXSIT6dd3sFpU9fhTGqP8diO3qN+0E=","2h10iw4FXgb48K4jcQg7mKu4MWMeU+fcujney6DAWnM=","Neo7CDRTopasoxH/4u+AeuS+yhGmPvTl10nt33dbEB8=","v9GU2+UFlwQYu3to/Ah7MebS8oGXwdIE05bzBVXbZz4=","2hvdzFbX+fgdvJ9XNOrEq1BI35miWzh81EvvVCO6Y00=","oTqfpfUd0PgVsOs0FVaZctqB8JvQaESIPoKIkW4rM08=","ShzSJ94EKVtVolqbSIPCg1iYzk1IpH0HA0vWiGRXBRE=","kwfiT1rSmbY5ZOuchzUQuvGK8vH/6HSGa9zWJspYVLU=","V1bkOssHKjc7W4iqeNd6a//eFDBbyX1Nx/JhkCkh3eg=","cczorEsmE091mLsDItJEPFsSTkQP+NFqSZA1mMGDOoU=","JRv/WMkdkXbk0q3fLo+Rlq9ADEyVX12SNhemQ95+9II=","aCS99Dzt0hfd9Qthurwiqpm65htv4w17fsmfrF1+L3k=","YigThQi1nj4jSXVDEKO3ECCQnqpW99576KaVqPB1348=","MikC6u7oG6+9OXYj1cXEtQkDaEAv9m7nnGUM/yPE9+I=","stC4B+8652rEooekEWviw7h1HHRCLbW4HJuEcyosnmw=","BbnP30jPkl0YIDkbKyw4a9P85t+6RH9nIAqpedLTK5k=","H2GYc1CEouAtHqqcyTuC4wlzxW3hxyr6rWM+iKxrHYc=","+KxG+snsa07+dwNonWR+PbP/FDkeV8EL4ao45UbEQfo=","Yi7yCiiGyBlebti++b23y/1PFVaEU70T5RFLj3nvH7g=","9pmB1+I4fHrTHs+M6cSYmJqYzM9wFpPJdBTJhqHHsmc=","sB/fWvb2brvF0/i5nthxevXf75wUW5GzWzzlc3lfkS4=","sH81+U8Z9AwMJv3jL97aFt9ROHgckLJ5sELBZU30Qdw=","Zd2vFNMlUhpkWoB/U4bBemuUVE1GvtznvB3bIIFpjs0=","gyNQnDs8HrJjRQPK6l5agzACx79p9V2879WbzgzsqtU="],"block_size":4096,"path":"source/tools/jquery-1.9.1.min.map"},{"block_hashes":["UF9CL0TWeYoalRfp9IN3KRfkh1oXRRdmlafmrELUH+g=","8Nfdt+0fjRSuFkK5WPOxlyAYf0G79J1T6D01JRPPL3k=","05+eJx/4PvN/UEW4RfmNOVBGwF1KqiipfrJw3G8DhL0=","6bV//QG8A+d3VQOQuV/eKY+irirSF6Y+5vjNZMpP1Fw=","ahnzM3XvRsa4xbVGn2N4uE0r262g6UhO60KaHbdmmEI=","EIcekMlNVMcjjHkMQ0JwjqCax/dXrZEH/dlYL8oRjDU=","2W01i5vF2Z05hgMw7YRo+EdXOQkeUcTZfTHUEVWXGSg=","0qswpVh49rcMEUGQpCWyb3HFqtYNQl6xK0cWDoDC1lg="],"block_size":4096,"path":"source/tools/jquery-ui.min.css"},{"block_hashes":["BBWTuadpWEERPUbn7jVHKZTvFHTIyrtfStfaouqmmTM=","6zKFBnxMB00BMfkLyy2rC5f3wZPUAvJSOeqa0J9lffY=","b6kAIHyQv74IXzAEcLiFhiFRtFET+Sw9cP89TYgi/Vk=","5iFWbMbxzJdF8TSduSLDbl/XZqSgm90bX2c0BTZ1TCo=","YzIwLV7pm323BwKQMEEmkLyIPHrlpSCT+DOlJylpK40=","r+0K4bYW6U+ZCHJgJve0i743QyjmaISfTWJn1pTxWr8=","HNPm//B5a2FCHQFDgDArOyrD5pivUQeczQZOUCeqYSc=","jExMWkXXSJaGzsCea+Yic04LdUoldoi0BTEbEU0/C1c=","UteaIeGUfJpLfnhdd8hy3XVu4J2AwYbZjbvf7wfRQ0k=","7d38Iy/v9P9ylF/DFWZY7+PYPMLKKh3BJjy6TvDWPdM=","xvACCxH8pOHe8GYUGtip2gUrDgby6JJp9m6mMgT8pV4=","bftE/7ZpiEHIlFmE8bdo0s09OHTjBfmsAfESRXbkS3k=","IZT85TnkzkNVMfrIFvfgH+ZSGP0fG5nfrOTieYKygmo=","NUxhOYnqsy+JakvZBSdXVOTjIUvHtM9GKMHTo9hfsPU=","WZjsWkM4ppCY1GjuUi2k5UAR8kOPKCxHFqbw+HdzH9c=","VNmqSdE9X19JK2tIQcr6+8NTYW+tmDnbjz7dxvhEQUs=","R37Bc31N0f8/+avKKMhduCu4qxLDmRK40T+b5Rlropo=","xgVcfwcMIeyMpCnPHLhuvzPqUFeZItU6GR2q3B5HlDw=","b2QrafHVNFwiZIy5M1zguFLRn5DAI5h8NhuX+YfRyeg=","xxdmPPiJNqoEMSDDi3mhzfg88LjSO9Kq9YXIueYXUrI=","cBUXe/Fhq31xosWhV+4ZsehxvaQ4Gqw+KUg/842fuUM=","LVo9eeJndjfVlStCQKkfe/r8Z9Rwy6VZY1Hf0mUBIHI=","NEUCL3KqXqxqbukVIrFj6HfLJQ47q2FigYJe5eY/Y0Y=","Lf14D5JOiwk0Ag7CksVaTvfYEiycGcGeomW0Li7L8NY=","IhHwQ0nmQTqpvOIAkfHraIqhshclLGfFEark3aJWfLA=","NUF9PaQsS50pRuGiP8KzFuojLfzRI0vHKJbkd8gn9Z0=","Z4V8E+m1gzcdkCySw73aBb2yE9xxkdO4TAkxWTjc/5I=","Rhy60nr6s/H7lgUDTUI5lTp9p3Y+UA0+LQNlh+MFy+s=","uhn4HL+/ABSYN+UccYZgTTfk6koVZZy9ltlGvnl388A=","v7cb+ra8hjLmMvGovdr9/mkIax7OEm48gEu8tCsikzs=","+Rt6JOOzJROGwN9j/FnVZI7Fg6qtbHk58A2PB7Uyiss=","xincY45BqM5zn1BwROR5cTuACXT6sxIe2tiUrzInH7U=","XehneXngEzqk80i17TVMyIJ4tbyrOOK4UNWApeWQqxQ=","YQUx9Eb1tmS2BFNdnD9EPLIm0q+5kqvLuGqtqbQc2ks=","67RPxshaDZ7FIONpU/FsPs5bQOwTghuiO8nj5lDsL6U=","nfGR6bVGKCARRl51AWVRlbsnjtgRF8MZA8DCBmLjx0U=","2PoxyemtbzyMdk6O4MSWk+shCpjariUGvIeymxP2rsw=","kUhwGLtslRToPLmijgSL0ygez0FCbudyHth/cFeLjq0=","ynJA7LZIUD2yUf1MQf6GgDj8O3O0sIvtNsRCeanXk8M=","EvGjg0cmLcsXamxOCuMWVefr8L0H/e5uW4cHU/TPl2E=","87Vf+vw4ptL8rYs0GI90Du4Ge27I0YuLZjznK3c93bU=","7pSkfeGvvFR8zsVYEOvBHEFBriSpGfhSgzdW6mWRzI4=","0CdnUN9racAUd3YpIDC64Ad2piWmfzFflDXd9VwBdRw=","tzC3Xt8MUoWWTKCw4sdIQs8K4aDxaJ9UQ7vfbnDYOWk=","1VVT+iqYrOm+m+qhTYapVxDGNhxuSOQsVkFKlfAW6gc=","fchmdkfxNlU4ngP/5J2jItUzY0FF3DIeupVpKl+aufo=","e3QYZwRqDpegQiNyqGkHlKYsQitgR2WNSIzeYmCvv6M=","tGbO622eP6UdrQRzW8YAdIyZjXPQrSk42ZiiPbVj/QA=","J4AX4jiP3v/KJmSqswKXU+DBIXpZEwHr1hxREciUOsI=","tlb9zeg0NDrWUklEyrqxhEPHWeqJXtWrt8ySVY8oyhk=","Fk3XOxnQWbzxN6tOvMLOQ9KT8nZsQdiShdjd2YwtqjM=","xQoAsh3LatOxjkuKIWERYbCNJ5XQF8CugiUKE/jBkFU=","ssQmuW/QL7+gfTtg6hYlRYGtoWToJztnFNKi1LMdfWw=","/Mwi4j+BFNawAjmAaWqLdIu55skQuJAQTutrlqk0b6k=","Tx15z1YfnZAYYWpGHMTe7L9NeJrsFhgVyCPD9UGLqlg=","0ReKq6TF3ibVRkj9uY5pjBExV0uhaT3tXxgCVQGkeB4=","62W8U1S09v8dd21EioMM/lAknLSfEBOIGnpq3zGxMTY=","vZwcx/BoCuHaBY1fry/NwZNeQZEPERkSs+LuCHiwLXk=","IDj8Yc9t/UXMIREoJWJLkVe5ZGrwr9pWI/ZkuBVbMJM=","WSkI/abM+deVGh5KJYBAbVFnsqgxEG0uiAheXUlLhns=","e+6w9sOrtempPK9r3NTAborWp+x3Eo91Ld8/jBYiUtM=","Hul9EYyj6SLbc7LiB8nUQu/UqxaG/EEdgoM7W5edh0M="],"block_size":4096,"path":"source/tools/jquery-ui.min.js"},{"block_hashes":["uEFhyfv3UgzRTnAZ+SEgvYepKKB0FW6RqZLrqfyUNug="],"block_size":4096,"path":"source/tools/jquery.cookie.js"},{"block_hashes":["zs419U9qZ1t+PfakxgdddCoAp+NQiQrHZCU51GrXA5U="],"block_size":4096,"path":"source/tools/jquery.jsonview.css"},{"block_hashes":["NxzsS2HhEEo2QyjGCs13fOIx562cQrYDtSq1yaWrVnQ=","StlZ0QTBqFfbXgD3o19TNO9sWbWTLUm9ihyQcZYzQDY=","Ctgvly74qeAva6RA5foTKxTzIczvK1M4RxPWsv2t5CA="],"block_size":4096,"path":"source/tools/jquery.jsonview.js"},{"block_hashes":["SMddv4GSxAtAs0HQzXYTmYYCAD1Tr2yFSfNueXu+lCI=","FxAyAf2pKsPpnNSyIlJF4fX2xtqXVQLSNPgz6z+CR2o=","zAKeOESiEret77F6lHNxjvGny2D5YNsfmvw+coXymLo=","UAOQt9t+hl2MgcTCWGZrw2XMwFBGVQA+xsC2BIZZWXE=","sMHCEeezoTQaSy8TMayIPlo4pi3bbf6zyduj38ey4dY=","tkw5u2FGp6uP7X+PG+lOlLXtaP2153K+BPKiFuidtWY=","N33bJh0yso4tIBPQRtP3xZkLRpDMqC/+RpDl1jpVGQA=","r9YgRzI0BovNA22kIqzWW8TgEg47tQl7m6bMknu8ACQ=","MtA162ILC8Obbk1vE3SknIh/esJ8+R3ZYRAOGTyaF08="],"block_size":4096,"path":"source/tools/qr.js"}],"version":2}