{"file_hashes":[{"block_hashes":["upQn89LXS6BEiCqevxJCXu9/57oqR+oz/Pg7jtn5JeI="],"block_size":4096,"path":"_locales/ar/description_from_webstore.safari.txt"},{"block_hashes":["5iVJB1A8zfZzum+E8xPrNwYgnqT2bw4IMX/Fa2BF1zE="],"block_size":4096,"path":"_locales/ar/description_from_webstore.txt"},{"block_hashes":["K46kZB6XDLxC+ZoBid+qszIjF/jtYF1XMIdnhENwUf8="],"block_size":4096,"path":"_locales/cs/description_from_webstore.safari.txt"},{"block_hashes":["gXl4L8Oj13FFM/F99wKL1lMOhC1XeS3Ld8uYX6Pe+2o="],"block_size":4096,"path":"_locales/cs/description_from_webstore.txt"},{"block_hashes":["x57Ar5raaKSn9EOkTdeDRZXLlp9tvN4EfgXBw69Oa0A="],"block_size":4096,"path":"_locales/da/description_from_webstore.safari.txt"},{"block_hashes":["O3BTYxiNco+f1X+0LjMK1Mckf4jRz3olavvnzGukIY0="],"block_size":4096,"path":"_locales/da/description_from_webstore.txt"},{"block_hashes":["ZGu2g0bVD2i+hLAAKDTBDYB83Ip4Jf01y0ZCP/mOBTY="],"block_size":4096,"path":"_locales/de/description_from_webstore.safari.txt"},{"block_hashes":["934tJqXImk6m5DE3BHaEmkjnf/XZVTFEOM3tz1wAP0o="],"block_size":4096,"path":"_locales/de/description_from_webstore.txt"},{"block_hashes":["kDsD/kB/Lfq1M1MLdp3cw6GoII/sawlva+boR+c+mAQ="],"block_size":4096,"path":"_locales/en/description_from_webstore.safari.txt"},{"block_hashes":["OT7ne/TJLTCE5Bfaq5CZ2i+DZzBIp8fjn/oA5LorjVY="],"block_size":4096,"path":"_locales/en/description_from_webstore.txt"},{"block_hashes":["EczXh4wcVhGii/1ndJw38Z5L6BTwdFg6GeIMNDz7X3g="],"block_size":4096,"path":"_locales/es/description_from_webstore.safari.txt"},{"block_hashes":["X0nnOTbLP9wBPr2wCHN2yh1poJLBOTchVLAUc7RGGa8="],"block_size":4096,"path":"_locales/es/description_from_webstore.txt"},{"block_hashes":["gOnA6T6KIx1pAcj+Fv6UVQtQAnLCdtZgu+/FcI1qY8I="],"block_size":4096,"path":"_locales/es_419/description_from_webstore.safari.txt"},{"block_hashes":["/eJeSP0CnxUNKZxKuxtQtkcdClNOxzNkFuAVyU7zrV0="],"block_size":4096,"path":"_locales/es_419/description_from_webstore.txt"},{"block_hashes":["SPPhtyroZcvSvi9uhkDy/RBK5A8R0zNABri5aHGPsTc="],"block_size":4096,"path":"_locales/fi/description_from_webstore.safari.txt"},{"block_hashes":["cLU6sGXBs+qKyn8eMXgHVKm6kJDjzLsjenLAJ3ct1Gw="],"block_size":4096,"path":"_locales/fi/description_from_webstore.txt"},{"block_hashes":["57lwbxRO5POARS08Tzfa+GqL/NXnj5fT3FfGt2OypBE="],"block_size":4096,"path":"_locales/fr/description_from_webstore.safari.txt"},{"block_hashes":["g+/4jzLaR1tbSG7AA5cUav6nn4m0j4Hprg7fThNQbKE="],"block_size":4096,"path":"_locales/fr/description_from_webstore.txt"},{"block_hashes":["p0bXwk3IgZ2Mi4st4QJaysH5VkOWFoH4/Ymri4lwxuE="],"block_size":4096,"path":"_locales/he/description_from_webstore.safari.txt"},{"block_hashes":["HijnPuLLU+jYGomOWECbWaj/4Tij8GbN+P8hoK6VDrM="],"block_size":4096,"path":"_locales/he/description_from_webstore.txt"},{"block_hashes":["Z9lAYWDvu1OeRtiQK3MKBDkG2z/z3bSHuyuoHEVLwCU="],"block_size":4096,"path":"_locales/hi/description_from_webstore.safari.txt"},{"block_hashes":["Udj4Z0D2Xy+eSa7t0DeEV7aT3vMVAKZyz/YSQx/Ws80="],"block_size":4096,"path":"_locales/hi/description_from_webstore.txt"},{"block_hashes":["3n/NrHy5m8ZQxaXF6384P3JcXW65r4gLlXEKmq8KUYk="],"block_size":4096,"path":"_locales/hu/description_from_webstore.safari.txt"},{"block_hashes":["+KjdP6rKZyux65t4K5fZE1gAugAB+/a/7YgXDE0DxD8="],"block_size":4096,"path":"_locales/hu/description_from_webstore.txt"},{"block_hashes":["Wha8yUSSS8Iy4lSSYDsECGCoGG+7Oc8W/h11cBKStlk="],"block_size":4096,"path":"_locales/id/description_from_webstore.safari.txt"},{"block_hashes":["bg+QIAV8WSRwwzN5iiEPho+c3B/4OGB1t1umyKODjcE="],"block_size":4096,"path":"_locales/id/description_from_webstore.txt"},{"block_hashes":["nolkixDXNwvdsZkbNxqBwL9d9JdKz7fKm1yiRXm5PTw="],"block_size":4096,"path":"_locales/it/description_from_webstore.safari.txt"},{"block_hashes":["9P5v8YZaeI0JbJXyh3PYsuGMfYzStB45wqcMzQIKQME="],"block_size":4096,"path":"_locales/it/description_from_webstore.txt"},{"block_hashes":["qUqS7OMid8luJ0CcdAbEuCeIQ807sgWnbgP28l+Q6RA="],"block_size":4096,"path":"_locales/ja/description_from_webstore.safari.txt"},{"block_hashes":["Od3xU9cjvoqI+5yEE6dvrqgLWcwhS/bnt0ALzxEZM74="],"block_size":4096,"path":"_locales/ja/description_from_webstore.txt"},{"block_hashes":["3UpDy0/+nVlqyefofY/Xu1kb9j5y0RvUvGfWLfDPRiY="],"block_size":4096,"path":"_locales/ko/description_from_webstore.safari.txt"},{"block_hashes":["eGP0Q+NNIj+Alx1NFlqu7u6ScLl7UxJXkFk2+XPX4tw="],"block_size":4096,"path":"_locales/ko/description_from_webstore.txt"},{"block_hashes":["xijceMsxbobl6t2gbPNMvke3fdyIPveDIgK4H+pWKJM="],"block_size":4096,"path":"_locales/ms/description_from_webstore.safari.txt"},{"block_hashes":["7UTQ0xnP+T3EUswsBZiBxWWOKqO1QKUtTBu/6wRYbWU="],"block_size":4096,"path":"_locales/ms/description_from_webstore.txt"},{"block_hashes":["/jKn/MwgCDLAhJzpMqW/qa4/l0B5eoaCM7HU3+HEe4s="],"block_size":4096,"path":"_locales/nb/description_from_webstore.safari.txt"},{"block_hashes":["OpMs1Y6Kua1D3AiuOQ7afCicQvA8egH9HGwG1zYGXe4="],"block_size":4096,"path":"_locales/nb/description_from_webstore.txt"},{"block_hashes":["i32Rc7MT1N8bqWky8u3y66kXJA4OyKo7Pn1qhVaBFFU="],"block_size":4096,"path":"_locales/nl/description_from_webstore.safari.txt"},{"block_hashes":["Ltp8NHGjrlR+pP0K9sCEShLHYQ1CF6K1MP3tlU+R8Cg="],"block_size":4096,"path":"_locales/nl/description_from_webstore.txt"},{"block_hashes":["KLZUErCMm9Iex34voXvD/gtxGiAD7BEIKVkxzqM8quc="],"block_size":4096,"path":"_locales/pl/description_from_webstore.safari.txt"},{"block_hashes":["hQcgnbjGjFNkkessNvlHjkzXkbZfVjvshZQUwGLMLTQ="],"block_size":4096,"path":"_locales/pl/description_from_webstore.txt"},{"block_hashes":["nitnMyD2bnesSgXPfUvPuSJnBUnxTpC0fnd8dVxsQ9Y="],"block_size":4096,"path":"_locales/pt_BR/description_from_webstore.safari.txt"},{"block_hashes":["6gJfPggAvpCS2KK9DOfG/xjKxCov0ELHR1RYFSIZaCo="],"block_size":4096,"path":"_locales/pt_BR/description_from_webstore.txt"},{"block_hashes":["x/ToikCHKmS/nk+Y6DMy/ZTn7cEVVhIiwHXa8vBBq1Q="],"block_size":4096,"path":"_locales/pt_PT/description_from_webstore.safari.txt"},{"block_hashes":["ZdYZqfJ29jnGjIV7RQ4P4Tq2qI7LlgBVhDIVaMlKOdY="],"block_size":4096,"path":"_locales/pt_PT/description_from_webstore.txt"},{"block_hashes":["E51zOmUdQIMPw3enmYvj9sqgkUVBhjRyy1jIhjWj5xA="],"block_size":4096,"path":"_locales/ro/description_from_webstore.safari.txt"},{"block_hashes":["FpGdtKE5h+wSCvo5fgh6P59RsJLOnMN6hpX2zFZO1DU="],"block_size":4096,"path":"_locales/ro/description_from_webstore.txt"},{"block_hashes":["7o3oh89v61Ja60czjOyxQQCBi7JmiYemNO+YcMmEdBI="],"block_size":4096,"path":"_locales/ru/description_from_webstore.safari.txt"},{"block_hashes":["ZXgASU2nzMIh1VTMQeQCZDNfOQxYzixq89kluUai8/4="],"block_size":4096,"path":"_locales/ru/description_from_webstore.txt"},{"block_hashes":["IurIIr8h/l1WorSaWEN51KVipKmdX4gEzC63CaFjK3Q="],"block_size":4096,"path":"_locales/sk/description_from_webstore.safari.txt"},{"block_hashes":["Ixfmde24t3oE491ez06xXEZ/4edte+HGsjR6W4LaCp8="],"block_size":4096,"path":"_locales/sk/description_from_webstore.txt"},{"block_hashes":["L8k7Jxy0hLQoFnrfmfTsQwmVfiLz0Qg4f/0Y7v+dHag="],"block_size":4096,"path":"_locales/sv/description_from_webstore.safari.txt"},{"block_hashes":["NGxYm7f182NCM4OXC8YXifXf6+IM7U6zTZEjkjSrRNk="],"block_size":4096,"path":"_locales/sv/description_from_webstore.txt"},{"block_hashes":["fo+hfvR5/evBZ7sLk121fHEUkO9gFoT1cFdqF1wAky4="],"block_size":4096,"path":"_locales/th/description_from_webstore.safari.txt"},{"block_hashes":["34MHONuJ4EYzybRiuCC4Mhj+8x0RapFHwXpdC7MEEVg="],"block_size":4096,"path":"_locales/th/description_from_webstore.txt"},{"block_hashes":["bF+m4WkHqzcyS+mb3tK+T/Sq/P/o0isAucmpraAfV8M="],"block_size":4096,"path":"_locales/tr/description_from_webstore.safari.txt"},{"block_hashes":["unqzEAsHp4Ttai3goTddOplXqXcav+R3cpUWtJO5ZiE="],"block_size":4096,"path":"_locales/tr/description_from_webstore.txt"},{"block_hashes":["jZvmeIUc1QZBwAD8pASeYhd0n8zOKNfLiruzbnCjs+M="],"block_size":4096,"path":"_locales/vi/description_from_webstore.safari.txt"},{"block_hashes":["qqXB7mpR4jF9i/s/w7/rtNsqv6O+VLlBVJ8yfhxiuE4="],"block_size":4096,"path":"_locales/vi/description_from_webstore.txt"},{"block_hashes":["/YR7hLf9itNPEIoNN3JdHSKk6T49ATTKuHVoYD72QWM="],"block_size":4096,"path":"_locales/zh_CN/description_from_webstore.safari.txt"},{"block_hashes":["sPZ6ye4SALePYCb6A17JXcZbyYmnjrAFMgcr7QH6VPU="],"block_size":4096,"path":"_locales/zh_CN/description_from_webstore.txt"},{"block_hashes":["SSMWgu8JbPpmTGXHs/JytnP083M2LOnBiGjhugfU8ks="],"block_size":4096,"path":"_locales/zh_TW/description_from_webstore.safari.txt"},{"block_hashes":["+oDPIEG8S9w3MJWcsqLQzu9oD/RQQBLXesVfMRCRBT0="],"block_size":4096,"path":"_locales/zh_TW/description_from_webstore.txt"},{"block_hashes":["BSrRz45SsoMEsbOiruhuC0V8P94rUZDcXAsBGQ5lsz4=","XeGE4cD9wNpXtIHSHg2eAJJLqQp3j5RjQcsQ1PmyBb4=","jmZHG5h97Lhb6yNJHM8QdJ283QHt6z/TwQISkXdU/d8=","XJttpY5nKvNF133Djv6cqNHJL2Tg/7XRdjrA+WG2U2U=","51By2C/Z1LEYxqjV9XZ21hKuhQ9NtlVUq4LHfrOnsW0=","QVTRkj8hV7BoH6qbAMniUs4Tl8iOi5my8MrrJNdtGVk=","m7lSlXS+8+HIxYisVQ28H4Cd6vwdHYVQCMSRYKACAsQ=","yvxt9vUaWm+tHc/faoRpeYYftf5LePbSeea7CaOwfPs=","oRaSf9FK0OPGzkIHMonczH6eZuFjxbM2nFU6fWCdC5w=","hQnN4NlPm9jqMVE48kXDoA6ebUU2BaF7uqrrU2JCgaI=","GnIopXu9BXxsiEanRB6cluaVedmNqnWBtnm64D60fyY=","XaoxlNd5ogi/9pGPswDiZ99gnsdy6RPSV1qetGWkdtE=","ih1ad0QkH3D5y1WTkvdGKWF8qDuWdIDBXs4xj3v5FR4=","y73S8De0WnVpPMFaf/ZwdxiFhAQGpJA3ozZmxfK4Lyk=","xWhvvh1XYZQg49R4iPa5/xJPrbLGfedReO65d/dIIY4=","N8E8r7LlatZeOCdqRFMwdNRQr+uxvS67x36xb0Suk+8=","OnnAItYfirOsDbGoYH18fimgmzEX1MAicwQLzLNzta0=","Ee8M/DBu0y5bs0+B8rQYklsINrJHRGnwmc7fO8oopsk="],"block_size":4096,"path":"ext-onetab-concatenated-sources-background.js"},{"block_hashes":["594ZN+WAzY2i74WYg9OIKJRtlLJp78Axc2sJMre5N4E="],"block_size":4096,"path":"ext-onetab-concatenated-sources-contentscript.js"},{"block_hashes":["iAI1b3eWTciDm404/xqrI58MxfLBcCHfQY/uAJ69mKc=","NNwt2fAiB6J7fVFgGfzROl0vLQzz/DCzIhxFAY6N97c=","d+sJh4HKGeE7HuZl5KhWzlkHcg7hWBGx6mqITtf89uM="],"block_size":4096,"path":"ext-onetab-concatenated-sources-import.js"},{"block_hashes":["8U450wC4IWjzvmMrL7c19RoPy1KWpQYKNeeA0rdtzwo=","77Y64I7A4XyjzbWxUySwVIzMJQxj6gdjepjkFFPGMGI=","lUq3xtMNHnbiOwqjYqaJed2POjk9WihExft7vvDFE60=","07x5Nmp0kmcUiprKg56QAe7s3k4zaTGzQg7h1lMJcCc=","TfUwpOiYGPijbf+ip1HbfjAdu3+uyZNLo4qSgaHmE34=","9renPuluIheC/u9scd/qKs8qh5OgBpHi5UP+htWFohU=","+TdxCgJeQekFokdqZyMBXZ+1hRkKWm8PC4BRcA1UDZE=","wVKrm69YuAaWADeTVc4IBUP2AaUPwCb/DIulF6aohhs=","qGtmRCgjDDNtKOzdCmwVhJYgMpkiB1fEjcXRXfdL3WU=","M2V9FSOkjsKtVVLKB9oq3QwSHaCcPjCtwcg8jJHzPl8=","zN/H/DC6mRSeKox2Jw6fwhxjPiInJnuNBIRNfSskD3E=","nQJlXpq2Ilk1F2AvhL/bZyiwJDm9rGlfAaQiEIeyfD8=","SlPwBVPPBqgpLmF8NVEODBkIc+1NHbesmNNdbpjFGx4=","awTi6YnOJsNzPof+AEkOpJCs0hHU5Yd2BBTomFPNxcM=","k05rVwFf7KIvI9a8PAZY3Y79/JUjQK776y4G96xIf0o="],"block_size":4096,"path":"ext-onetab-concatenated-sources-onetab.js"},{"block_hashes":["5avd08fBP0LMh6jCdyTp9f/qzOXg/nKvTnvmEIvYjIg=","jRhIZqnkdHp/sHuOoPfVDk+L34POrEnfDN7c0AV0gcE=","6HWduUHhqOj2O23XirhAjHvs3zw0c9s9bsC02PleVow="],"block_size":4096,"path":"ext-onetab-concatenated-sources-options.js"},{"block_hashes":["+XbO+iPZET0ubjtb5dfa5vHyB8nhbL3npKAbUr5RETw=","mdlYRib0YTEXECD8FI1tITHl00KKjMmBH8c/41pzBl0=","XY+gvWfYKejzSD6UUWG65n/q+IPglyxjz65p6C/+Wi0="],"block_size":4096,"path":"ext-onetab-concatenated-sources-placeholder.js"},{"block_hashes":["pOEBXfYUZZ9ViDWH5sPvJJqL1h8X9/12S7n56XTbnbQ=","Cv0zjY+Nplq8s/rIFSpWhIiLp+7+DRspgxfCR2riN6s=","3c/4iSpMIhsrN50KCm+/EHtK4OZ1DxZG6wTROz4YqtU=","STr+Z9W46rhxEyVRFlw4IjWDzZe6It5dqUT2ykdimSw=","KruXueS4pxXFYM/BqjR0DRXFINEGr2FVqmW+rqmql3A=","aOPKQ43Rv5GoNRx+Uy0GaJiDBBo9GOQv80AydQYLftY=","tLP/F3ukjqdekHQUB8shNwwvZHM/7HTk0BAN8AREA6A=","m9SVXQXeelwF2z8gpZqb3AguTBrcPFCBTp0YytICzQI=","bU5nReOnPerc5ivIjn7JpnC+lZfNWwh4ofR2bGrT9Jw=","7j5ePb9VePxgEO3+i5shXw4AUbBsbM93b65M5In4z9w=","q5jVvtuzbqHlQYj+gpht4Yll2UeLwjgCxWbnlcV+Xvw=","iNycQbijdM4gZFwsjNtacoEAJNhp8z1+nJl52TYqIJE=","oCDv0EK2Dl9xvz853p+TGwd7OAtKUusvPToe9DyngzQ=","m04N9Dx8Fw+RWMoCbA+zEGnqrBjBpCX4JsD2OQtx5lc=","EJk0r/hB64WQ9rBiCRF7MnhBkrPiXIORNSM8qY6zJVA=","fqJXoWVjxPl1J5ZJIRAm3YhUJLaDra8NRokfAYm4cCg="],"block_size":4096,"path":"fonts/OpenSans-Bold-webfont.woff"},{"block_hashes":["3PXMkI6uOUfoht0cDw/PHpTDMk+vBU1NloBl2+/rUG8=","s6NyxAK4d3c+zDNBSs5c4usJXPuqgeAKBqJp5B46TJ0=","9Zu6b+q+aQrvuQtP32ktD6kFg7MO/F80KqwxOo8JKoQ=","u9N34fQ0+2Zjh22oIj4u21aZcYg3d/aHMLEOJ5FFs34=","WdlC5kv5xPD3EUctpsEVFFaOUPteT70j89GWPavJ+6g=","L7NtVBKQNA1YjZooltKDFu+NiFUUy6WE2glYvoL3hGk=","Sp8YiZ955seRbj8F4QdM2UWG0MCPMbBoRgde6csMYjc=","BvV8eDGBp59fHjzjy0XOmdCW5UPR+wGZCO5H/HySfN0=","OwHlJbLSuSzIvNijameoqdwdgbeIkw8BlYdfGRrzZ/o=","PIsJDe3mQ7BujVQaxNvyrPIFX77lUddFJNQ9nRPkapc=","3A3r9yWTivKUfnpvWEf8lKZFEYofWtxloLEAqDCnpqY=","NMiZkPltEKVc2//B/0bA2cefnqg30Dw7nHhlb1Z8ILE=","bEYbvFc90ipGo3TKUDKYaejVWeMU+pAtL+AdytOaGoc=","9xlLRmiUK/hXXWnDATr/rb7IrVFseSh2mhibdlmJjoc=","ws8ABvsmIbMC36qi5WZqpr1Is6+jamqVl7hpiR8m3r8=","H7BMUZSmdWla+7cxPKEl2UqRULrv9K7Z9tGdGxfzIXA=","UqXy8S6SpJwsa5BPaAIhFIfn3bIYjRgjVT9KOGV68Yo=","klLM631LICPYC77UjN/fygjyiKxF7MyjG73J7p6zE3A=","X7dU+pl+GSsE+W6cNZRxKRgcqWx9K6EtGXGI6PEc3L8="],"block_size":4096,"path":"fonts/OpenSans-Italic-webfont.woff"},{"block_hashes":["iGmCkpxRHUIdbCBQFwkgC22XOO+Gv/VgRG3ysylW9tQ=","Oij9/0d3WawpZJshgbocO6MJrF5tj1Z5Slol5ap2PNc=","2b0ePo66lrIO9YlF/q98Ekb4fzCbD1Q2iGXO5dl6HzQ=","64aU/wEefR8fkWVbIO97KcFHNSMlmzndEObu407tM40=","5+efvoEEvkgz4Ol6YPxE9xweETRkH6ZK3IiaGahiL3g=","42gHRTzEJKJdp+Epnr61fbtBL+bEeHSKctrhDuZtv3w=","ZvUYWpG/wTG4iD0xNsNQ2uj7vp0Z5uX2EOhloYdKYkA=","y8W+FcJDuPnJrU9457jDIRumy46YGN0+q2hm+2guXq8=","8ZLMRB7UHYo56A0TnYTtAS+ztZ01QzwDhWUxkWXbUF8=","qZO+oCSd9OtX1Wn+aMdZ9dVOFMdJyIvDQ0r1+Q5HQDs=","gUhQPL0FZyCrYv0NGLkFD8Ly9mOTij2hhnTXL/0mx8c=","DYR1AMScbiK3WuEk2+Copg+7k6D7Ij7qzt5OKxvajbk=","2S+OFIqs6tLLUkeYNZbqCdhKPfhKLzTUngz4xNd7bQ8=","x4qqwXvjlWABf5QVmdoB7AsV7K1f04fecoQUSwOBzlM=","jVLtq+Ico6TLd9qxUlzUSRzvvlkzIylJTsvmAHicC3w=","UZtLjT7AEu/SvF4JvbABPmfm7Wj/r1l5h3vzhpLx/SI="],"block_size":4096,"path":"fonts/OpenSans-Light-webfont.woff"},{"block_hashes":["2sG4NNSGmuWNEZfpPj0oFgr6A5/wYFGgZx10QAeuIpQ=","elr0XIs85aKPxOtl4VwNNfIL82EXiaI0E4FsX6qLOZI=","jIMjb9G4udZS9TBNeEBdnhBmvz+pq3GatDWvGKGbAcw=","q7jfF5X6mBMHjPm8rqInPFYwo+MSIp5cC2ipN4uOfJw=","ZDZZIoMm/jyhWwnyHGUWHbivR+ObIVh8SWrdnzg6LVg=","J5mGgpyGOx/w84EDDTkxvRH+vHtq6tUekkTghWFSYKc=","Yvl5lwjrg955v/SZq1ioAC6r0i0RzX5/Ih13gClQQD0=","u+CBAQMyEj9LXb8h8JBle2XCE6I2Y4nICT6fFqJO0Ac=","1jmJHBycJV5WMhjILMJ5H2i9O8malT0LHQ/W3N4BeGM=","6d2PaAjeRDwOlke6OFC2dDCcE1uyZq00p27/FJpDGK4=","EMyGmYdHKvESL77jANapJczMyYCtNfcDyrQh+tcQPcc=","xK+aI+SVg3eiuEu+1bgCxTIBnMuQsOoVhf/60FZ6Yw4=","ILr97OmUxK1rE/fo8kuZJiRVUHWSKwHXHda82iJ8gwY=","n7f9z+VXofYqIydYVmjH02qIBmrFoaYqC3iWKqQHeTI=","a/6qD0f1Aza2VzOLCxBWhQIy/bWI+iX0tafodv8h7Dw=","CWEvmv15Ug9WfjXPHwZRYMTaMfgPm4tBTLyLDz29SXA=","2iNHHwRwsRcwFlrHs1aWjkb8MNwWEzv8oq8NI8H7+bE=","6Bh8bo/kH4Mk8aEag2iFhNFncfDkEhKaypvhmeLf/hc=","S//dqG4zP1KQbEQyBuya7sw4zu8gJ7DGAACN0YwpsbQ=","+TCq7sq7IFWjE4x2SeLfamRHoaNn0auk4xYz2ZUiPr0=","EIW/RzQamSwqBPaBcuhOzBatsUPMNZsjqw4Uyz0SFIM="],"block_size":4096,"path":"fonts/OpenSans-Regular-webfont.woff"},{"block_hashes":["8mQt3mm2ZfaON9SKyZ0lcWMTE1DWrBDzg8rBa49ySM0=","bvex1nKdeKf2D+nD2gSj59HMbi3AXbuTgg0zQBZCmRQ=","cfmckvDDeXUpK64mgHqhe2qC4xrsy5rXLllQrjvfMwk=","gQUx8HOY+RcHWvAKuZoVqaNI6Tn8UsQhINXhlIf1Y+Y=","laUAd8yNjqfuxQwUK5PX5fp5QKqYD9xHfIPEyyy7pO4=","Zuh7iHa7XsdQwCNUo61ysnxGzAxUsioXZuqyoy7dRjg=","A2bOWURopG7iFo8hUQMs2ZGGG2I2sW4sKQl2to0iDno=","do4nkvAbue0u41XOkZLY5/AVjFsR1sFh2NXhXwdbtAo=","vib/mL2FGhg1htCJkImD1f/xaR92A0lnjMk9nWGN0Mw=","GwSjgloK0T2RlFHHT83S/bRyxCj0rLs66ejPy3M/fJY=","sLSjiPb/f4wcl8jcQHp5xpdYFk//haYh8PZ1uskmsZE=","JCM2tTAprcjMrdXgcTuPZXlFKq0ZHCNOpnVOIFFLiQY=","645u5z8WWQXdPQL+SX+LHGsC85V45wetFbwOKkwVSqA=","eOOpbMp1LmJVJ+dw/rKUcrPJ9YsKfrzEGWe13lO/vd0=","hc9s6ffmj0aQzoCyfcbn0t6Lo/kTS97Qjh2wfHKOB8A=","AUWanr+7JuyaNw3QZyfsRKWIJhwZRXyfkhFfTVPyzoQ="],"block_size":4096,"path":"fonts/OpenSans-Semibold-webfont.woff"},{"block_hashes":["4JeRQNt8raKywILydVAeuolkJ3vO+/RtCkin5Yz6Rxw="],"block_size":4096,"path":"images/checkboxradiosprite.png"},{"block_hashes":["AzQ9AcdNtn3RLSDLidowyKPuGDXnhDyGziNMBIA78vY="],"block_size":4096,"path":"images/cross-dark.png"},{"block_hashes":["OqeTJJOlizHLBlkb3cmSQxjKUIMjWXQGa5NXpdbjRi0="],"block_size":4096,"path":"images/cross.png"},{"block_hashes":["9M9HNNxD38tl23W/4zOET5yDfbC4hF1y0BYmrMg+tZ4="],"block_size":4096,"path":"images/globe.png"},{"block_hashes":["r1IK1rC19F0ERCHpTEUoVb14ymzd6IARAv5uE7yOU0Y=","7HHE6bf7Werhhs/tzlYkupKP8lcrMYykkVdLWQfexLc=","s9MPk7SmlomV64lpB2wL08/w+VwneMj6hav2zrM2ti8=","jbIKCIXqm3dCfk0dbcYYT7kEVp644rikmWXxf/uvmgo=","ImTRW3XT09PyXmPgkpv4ym7lbIxfBDWO2WkE5U288Ls=","9zqFHS87dp3HZQbcMTfv6zMYex+q6ggpO3kVTowIdus=","+ma6HJASTnzF1o06+BTOoT6p5GcJtiMvGyDZlDoJHR8=","vNt2teWiECVTHifcenqvTka/EBJTvLkSDXFcQkLmOzA=","ewQ5NqdQDxVVHxnT0mYi06Cii9KPazRT8ruLz0KRQY4=","LezGAvbZh7QPyH0xBx7k6jHrCJYeqdtnp0bQ6T1qypw=","YFrItV44PVmx+rhjs8Fk+liI9FfV78qlGB/UPwYAMyw=","59ZtdI6icCxbiP7B+tc68LODMtVXxgHshQsFPzRuBFU=","CCpotTqdn8uyVh4joaYHsGu0OIWxlql/UJpUEWSX47w=","lvDh4PQTuoMkZtBmsPCFGgj2jCcvOtb8Cj3QZSIjOFU=","pw0mX4pvfESp0LF9Hs/tU/tmAHtLkNE944pzesA0/Ko=","hRjjiL/oxiySKN7lzmX4fGiKnBzbjqGCJ+lDjcI5DV0=","+Zvd3nRV1MQoER3+bG8mRuokeD3KakhseBk+yKfTmoY=","fjdqDJYtPqmxHI4NlnL3EhF7VB09T5dKOiJyDtQTAkw=","L8HgWyO4ils3V1kecruZSvdONFuSdDwHFuSCqenvxMc=","y0I2EjWcco4DwCAgc50EGAAdTHpVj0WGY9j1h4nwq0k=","6CcBLlagzsuZ2E3T5VhQyKf2RcTTbLu1wgxBcUFtMbA=","L2IM9YzhbA6XaKU50omMo+AVUtS1ZlAEi1BZYgYeYZ4=","quJqQY2A71VGCKhRlcu/gxbPKyiztOlVtfi/n/GN9Ic=","wRXMi2eTJwRJ+G9zvDnC327l7PDG6j76FDXQ6yS4brs=","5NGr7mo5kXAQcOQXXFmlMgqNN3IDdetXx/3UjgfxgEk=","5NPJWxrdNC4BjyR9tGlItomzRelu9jsfpsu8rtH4Udg=","TVrOOctI2EXrQucbzllUeByDnxBDYZAWG0h9kiWLA74=","7f+uL/eZw8u8khiCLW2N+qPjQuup/7O+BJ5LiveTuZw=","dLFziseCLloCe3jJNdf1v3XFE4m50J9TWAUDLJku+uA=","imlSi2K4+OR6Ax3eC/Okqv6t5DJW3WyNm6sk/dkmYF4=","r7Gi11o/IeXw9bgbi7hix6UPtntmA6UG1uGTHmVA/xk=","n4hnCBlDsaas2bZwb5F4VqfcKNGKbLia536ltAzwOlA=","JpQuU4XT6eD0zmlJgFzAgJDaIsFpsRm/NTDN2vUMsrQ=","0CWM7O07ethSD0sMCyhds+/E4Lq/3Y5iGSktDGmjHkY=","gOD457X88k7ZKSXzadDEcfIWd63IYyafU9MUUhpWW58=","0RNho9WqXf0nFYi05m7ULxWnN4i4aWniTd2sFA9oo08=","bD8yzHVm6UJz+zKXprxrRvwslLwM4M5DK1x+hQorRk0=","c0rz+Ddv2co94pVPlO8NPpZqLVs15OK+1q4qnlhfdno=","gk3L4RU3MvEYRrCUYkcFOTSwlaTW7xQe74xVbuScG6c=","Bi+4/B9J98UWJAcjB0Ds4aej3f0S15AyynJ47NaJbfY=","aL8AGd6kmTCEJyEzBG+XfUTVXqTd+4b3ieIse6FzSfs=","1e0XRkkD0zKY74wI9CYz4kY26z8Gpw3AMsWg1sSCB2I=","NriTXbt3hCHFOBlJkHjf6xeFjwYl208AMPDkwJmwuVs=","72r2Fsu1bkVf28smqZwWBh1b9EJQ+AQItpxM3uyBY2I=","cHBLkvEE0ngz7wEyloFk6nDUuKSQ9/9PYztwBiJGgjo=","vxLSOiEnMk6/PhSAKmpWlemcEth/6TUP6KOG6lMcEEc=","ywCiteHUw5Gcy6fpQIxH7vtmAQ0y2T9b6FgnbNECIME=","itrfzCiFaH2SDHxgpyRrcTS4BXRgVQrU4FFbEKn5TDY=","kTKPfB7C4I55nNXJ9NkMpl52WhU5NCRXMbWlnex5ZWo=","r/yK2sAmUQu9leb6i4O79TnOoHoWUd8H/1iYIe0OAzs=","4Iv/pt/Pzianw+cyJVlz+H2YsBpOIqVURI30wDrF/94=","fz19ez+XSJgEw7iqsihksnQzhuXixqROZgr9DUro/bs=","2jC6mocnJX0/6G2PZKqMM3JH6+fiOWFjOBuPjW7nSzE=","e2Arf/eBmRGujQGS3dp9ScbVLJAfJpyeSImKxnsLA2k=","O4NZk2+UFlS7Mz0yb+sizwBrqJGbyvlBlDHg6urbVHU=","5RzuHJXcmMdSOCFyvB225CqiOUzT6HiFh6IJb86idds=","SFvsg4YAEvDKN2ORJx9xS03hTYh4EuQstNknXSwDEPQ=","2ayNeJAWGYJ4HMxgKvu+06b4c34m0rtKoSCmSMZ2WW4=","aX7fkfp28hPbalwimdgf9/bjdU9Ep0wFvc1Q8hrzMwk=","m0dJbbT0Az1dP7TqKM9DbT6LRKy038qsB9C/0B3uQOM=","tq3jGJ+L4BiAlWr5R+r4pufbCBINyhFxlv7r/W6docs=","Pd02NhVsO5FzAU3hyC/qsqqGOjndRjt3NUXRzn1Fj/s=","dJ4QNo/m79xwR3NPAQ5jeO4QPmCD8AJp7uaY83W9j1M=","/X42zwzUgeswOeCjSMM6a6Jj30ObLCNrofArBlSY3mM=","WpAhMMB9uM5B850mVQXAzsZBjCbJOnB56W0kn2IyRxQ=","lB1s/FkdezNVLhrQK8+eBps0ki6zQ2ZBHOqImkJEXj4=","NWFHZ1ZJs5x+hcp+unQOQTV23ZaPMtnyGi72b7fh3zQ=","7kTKTf/Y6HMboDruI5vHKS0LD1xdEFXCTHVdjcwwQrA=","CqfUCgK9dCSD3Lizo1ovohWKVlxVNpuw0AnZbvNjVJ0=","Fei6NEwDUYn6waWygg2804dsJRFZUKtazfO6NYOe8hE=","Bm6i/ySIqPQY/Pm1pnnpMG5v+R9t9ANzBg1Fe0R4e08=","Inb/d2oihJl7JY2F6S1HfKhk3J44axgzlZtF7kx2Bm8=","kNweysrjhi3w2Il9qPUs9h4NG7XfKCR0wAVqAyCNRlI=","lJjpNLfwuicI6OAP0xrgq8SQlkMoBORAw8c5nDwpE58=","97tSNYOqOOiP+FqDNwW+eVreI72okT73sIscQFuOCFc=","Q3U8fBXLVrnyBQWjJQlp8H5LFn1mPWQedRBqRmoXUd8=","/zUO1gf421RfIqIrz16/OiRZcJRsWqrt2EAPmDT+IBY=","d4DGrQk6qrrhfLntznELVabkqBb1sqBmOJ+PdMDID/0=","my57pgpYjpKYlxJtZXWS3tQo7E36R0MXi6JpJZeaZQY=","bguE82OvDYOf9ejl2eUwK6sFqQRQlW4frUIg24ruNTc=","IoNZHxAa1dQj+3+ZgG8YxxNgCbuVWHDjqeIk4dqvyew=","F+SWcx5REDFQSCV2bcske2eDkkl28AH8I6uyQqSvF4M=","9A156dVm5F7W4wgWQbl1N2iWopvZJNUOtPPsCg6ENJM=","L2n/QDIyOEY13usY+g8/fMJsHfmFIQo/iYKVCoM/pEs=","H7bHr6srmuvw/wq4/6E3g5wCJxAAAm7835iy9SfKWR8=","v75Eq0/4HHB0MGf8XnqoLFEevpC0nf17AMREcoNfzMc=","dFthVczpRBjpxUgCV1Nr8kcjYeIL3Vxv1VbvDesjZlM=","Z1TiZ0y7k3pp055+fWQhtgQoaTBM5Uu+JQm2SP/G2Hs=","jZHPySdgF420Dgnvaohm1f7bGl32PoypMy+QjyRVr0M=","N+DxILag67X4MGLM1aTf0pKsvucTuep0fWSgNHlfW4k=","cSGWt1YX/bjtjKw5ZuTpo2ivgAEvfrnjnmQlunh7BL0=","+VcJZOXbxIiPKVdby0lpKuj2usyQ9ttsnWOt8s8WIAI=","X+MmY9rabLjoGiWLurxr7o0rEIxNoQIkN99pzikco18=","Ig5Jy1E5MoCgYL7R8Cf/v6jodV/T945NNQB29thFYlI=","qTNF7+CnJVKBomA2P+Ji6pdvXAkD9SRjmxJn2HL4xu8=","oTmo/qcx7r4TbNrCQYH/NTJlt6VU+nQEm2lUxOLDu6o=","PE1uXCeNMGEX/b/xkwZt6ZTfUP/VHaGe2DqwglgRcfg=","URJK3U6uLVAyXw8dvVBL/RDDp3f+SqShWISFXouFTRU=","CyGGq+qsgTwpenEZcdqe2vX5vKB2nvEtVRggTIuR88c=","Ab+fv4W0nceU5dRygA8VOjfruz/hgXAVUlGYGy1sC/M=","yxW/H47Woh0yJxBffAbglNWHGGlbs12luANlJLnthcE=","0szsX3p/moVWzxpZMPYf4DSHb1VEORSCuZg2Fx7Qm5U=","bnEkTgOhr8pvMbwuk5UrxkpsGv6jmgfTlLtd+qjnjvQ=","VLnUS9DKm1rkU/J79z1nBpwoc2/uJHhTqM0kso1E+nI=","66FNODVD647BD+V9GtElGEXqRPAaQAW8fNjap+7+WzA=","8xGPEg6E2NdSR/d0dqykqiiLHnWh9EX7i0FWT9XRw1Q=","ahroyUshkpQgjvNI877yrBx/f+h3pvo0PL4OSRQA2EU=","o/Aqv1to5U4jDu2oEwxfakYrhCVmXQDfRLiydKlwiTc=","LaLeZOF67hUh+PwG1jBKOEzkFVUYUn6fvlPd8VBkoIo=","2iaA2KsPK0jhdk0tIqrBrDOa4+0cCAyoX6ih0rQeRmQ=","0CCZBvRSktcB6+8nxSlBOW31tRkg4otf5R47xW26OM4=","32HC3xt6ELzX+qNvj7RN9oTltfWKBeOVOeGo08yH6FI=","V7fnprtVhGIPAWBjE8T931btEv/IZr/of9APjbT5B4s=","NxXc4N82ngDOlpmtgDj8ykuC3abpgvZP6TR0r+RJAVw=","tOG8a8YDZjr/VKAFzzpdkLtXhetBkuBUaR9aC0+TnAE=","X02uzsYXtWHi3oNpKf3Vguz8xVGhrFY5h8u9Uj3BoVg=","rn1VmDgM+Odd86/QMLChH/kkO3iGj4ravth1PEujLew=","g0p7ZAoYvo84c8Yng6itGuWsEtYjbHKthrNDqHn0QEc=","MSF12AuKMFAdEk+wgfVCiuIMYvH937/2Ni65cotUaL0=","TlZohT0LkPJ4JR4bPlSCx7aYdfYkZ86D+HAn9Bi4zEY=","q7sI+D48o5Kq/iHqrsxHAAUPW1POiUx/myUruct3gpY=","41iCVYpM6b3QhLEExPVlOHEEXr2p01FRkrE9YB70xk4=","ONzIwkTaE0arRc1L12RbX7jdMWHCZNttzE9j+3SuSWs=","GvYaFOJ0JG8xYnpc2aVYVm1Uid6f67WcB8fbLxtaMI0=","q9LywDl0FDicFfp1ompgekKPimyg2Uos7u0q83ZeHWA=","uSRUy7Tb5mpdw7SCukWoq1Z7heeBWEza9nFGeRcK1+w=","mBtu8zHxv7tlkOFfnmQgSJykb/N6R6ZjinfyUOIFd1Y=","J6g1Vjg8Ll1BFL8MzorwVVy2GJgsjWb6Xfme7ck/NlU=","OACJJSq/XaH8cTq4sswYjvKknnrnj5wgmgURR2wXNRw=","oa5/hGT1Flc9ipxWnAmwzGDRNJT5Cz3+YElacreJHzs=","GWNxAldfV08segbB3YbiUHmCvNB9WmvJ+5FmoZTa0zM=","wAOVUX037Oc2bXUxpgS1nk/ojMF+9g1Oajtkm04WhFw=","T8CtplSlUoqJ1hl98XagWT41cTmISw5HTaWQvlwZU0I="],"block_size":4096,"path":"images/iconGrid.webp"},{"block_hashes":["5cDVnWbpeO/KT7fXsLQKiFrpCzRaaOPa+azoQlTYIrk="],"block_size":4096,"path":"images/lock-dark.png"},{"block_hashes":["RSYanHzJhmwndwkhhJATZnGYn6/9hHB6J2Uk3FhMrJA="],"block_size":4096,"path":"images/lock.png"},{"block_hashes":["jXbxT4btwz68HGBkovt7gyZKL24moD6gLmQL6BB9JyY="],"block_size":4096,"path":"images/star-dark.png"},{"block_hashes":["beWj4kQqMR75dkEO67Wq9obxbmERIkAQqOpA6uT4Bu8="],"block_size":4096,"path":"images/star.png"},{"block_hashes":["6oxAtJIqcfAtVH+SeLuejiz5hx3BfRVUmHSudKLEzfs=","rhAxy7KyoVbIM80oUplWxXvruWAQcIgtHVJsTC0bgD4=","yZ+HBHWsqrJyqPYO7LD5Uva76l4DtdFOW32Gxb6dqO8=","CjZFtH+zya64JI7UEvSMdkN+fUZ8ABTo7fX4LxMnyT8=","t0YrDcVPGxDL7UqMhneTuBMiydQmbtzaoBj0JXE9D74=","f7rzIuWANN2cjjsfn826xZkw61R04cG1qEQbq0QZs9E=","abwSwF1XGvNrBMEnb9v6AnjVrL2QX8HkX4kCNgCSrQ8="],"block_size":4096,"path":"images/top-left-logo-dark-rtl.png"},{"block_hashes":["qg1KPh/qan8Rz+wVR7mKhA2rR2oAmEVd6mQkYxwMfoA=","jxSw2E45h8o3rECr0yhBMQ9Xar+WEvyu/q5k9ghrKNE=","VqE+GqQ0f+V3ToP+zdEXR0XGNREI1s3v3X88LGxIEPE=","QZwlaigLgv53/hVqz8/WV0WTkW4mRN41CEY1Hyhqivc=","OZ9gBrc0q+X28OnCZJAYv9rgo+EHavvAVy/y/NAPEWM=","CErEo9SqSGuErGaPO7cXVkqwLUq9XcxE/t6hPr9gREU=","xUfUsVIVIv0legs8pI6sGzd8pCKzTePw8dpULTz2+sk="],"block_size":4096,"path":"images/top-left-logo-dark.png"},{"block_hashes":["1rWRlG47FUgVDHiNNpT2wzUgCKB9v2jwNTvoJi+0rLA=","kWWnj9QfLs/5Ib5+ZoHAzROrI3GBNUQ4ZAy1jE7yxno=","Z/HiC2VFyOhpJuSRXPHlEh9aXoiRYbqGkOz7GRre/iU=","cs/QfZTJNO4fmaMkjsGRhzNwVeovFGGAe5ydFhDVc6E=","1YyKJyT4FxDOhEpdBVq9RYZLf1mBKexKr4zHVQunmqU=","LIAXecI5jKqjSS5BihzrhU3tVDROFXnyHfAT8bqH02A=","oeBjI1SrqAE8vAcFRjk0r1/q5my2ZRA75NthA3Q3Crg=","nhwuNDo6F+P9ZO5PVNEUf2BieUEa1P1ANXvQiFdLzaM="],"block_size":4096,"path":"images/top-left-logo-light-rtl.png"},{"block_hashes":["v8OUzlG5pHUJy31xYrip5dioaANs/m0UGwvXCc0tg0g=","4lCGaPj+/l9MBzbgy3czLN+yQj3PnT4IBSimizBx3u8=","jDcRHCJU09VseG7H0iADmSvHkmgNA2OxLFTfdh8cxfk=","f0NQKUrBB/rxONUgB0JnFJtaq+HijrDf8SIJ2A8k0vQ=","IUaYU+rsiBEY3iut7Nrt8uX2GDN5U3Toxwx3NlW+1qI=","U4OvbYfVUOp6LVPD0pugh6lhJWnq7py9BJjIAwH2x6U=","iOInTPm05IGS+Nunxqs9sZI40YWu6AHbSNN2Sq6BGmY=","gML3/gLDFJf24+5L+zDEqcQNPVXc4lL88Yq0DJ3HcFM="],"block_size":4096,"path":"images/top-left-logo-light.png"},{"block_hashes":["orttfhyt7Ia1RkBIzMUFcubBwnIiCeO7y6bHXOVhnyM="],"block_size":4096,"path":"images/twister-closed-rtl.png"},{"block_hashes":["loPGORZyzAxefCJH7Jb0baoRsCfVp7kCVtEe5pS2Aps="],"block_size":4096,"path":"images/twister-closed.png"},{"block_hashes":["83+R0sHjkzcs304DJaps+P2WDSQU9y7tbUHOxB6oVSQ="],"block_size":4096,"path":"images/twister-open.png"},{"block_hashes":["UsrjNVUE7M6XEif0sVd/dxVxf8tQ8JnpHjgchhCtRCk="],"block_size":4096,"path":"import-export.html"},{"block_hashes":["+SOiOgm7nv7vyipgutR3cyAZqpW7Z5SKQr66Kxyju9U="],"block_size":4096,"path":"onetab.css"},{"block_hashes":["BMQw8OiNdnrvcycAGN7W5gcN9dbGr7c+RKvclwxQQ94="],"block_size":4096,"path":"onetab.css.vm"},{"block_hashes":["5EOHqbutu64/RFC4gnAVJ6eKFP+gR+4xKLUhuuApv5g="],"block_size":4096,"path":"onetab.html"},{"block_hashes":["2Ygy5ly/SvUMtQPcRJjaoDVv14NzdQJzxq8h21agsW4="],"block_size":4096,"path":"options.html"},{"block_hashes":["mlNBGyKDRGhPeGmW5E87T77CA3aTkpk/lqrle8+igpI="],"block_size":4096,"path":"placeholder.html"}],"version":2}