{"file_hashes":[{"block_hashes":["bHGnU51EPbVSOSjD1tvjylVs8JIEzBcBoGq+uo+GL28=","qh8ZiLejQ3pWeldoYL37nYis2y4IgykRcROY7bBZ4sk="],"block_size":4096,"path":"background.js"},{"block_hashes":["4O0w169URbhxd4e+RWHpfJLjgScgtj3/51WI9CNBhzg=","HR54+FwlRJhQoazMIMFpFz9QYBV0UtJH/hSo+bPSw0k="],"block_size":4096,"path":"content_scripts.js"},{"block_hashes":["oia8MYnbUoQJ8fW/ajMYG6luzWHjfUNi386OKdSe8p0=","MnsIZd8/V18A9WDrBULzfUo674NdmwBWDdi0VduK3yU="],"block_size":4096,"path":"envSetting.js"},{"block_hashes":["JotrrRmLTz5m/qj+PPZvVbt4tKxKlgLkEYd2EEg3v/Y="],"block_size":4096,"path":"JSON-handle/css/img/setting-btn-act.png"},{"block_hashes":["Mr09Cda8MPZmyx5UsBf5ftzwC1L69pb+dYimSyy9Q1k="],"block_size":4096,"path":"JSON-handle/css/img/setting-btn.png"},{"block_hashes":["BwI3AADGIn+u9I4uk55E7rfWQJaxq9TGaN6ipjYdgLQ=","tCuJH18CnEpYUoE55quFMTLWb1396Kgw9bG0oB7zqGg=","uvTtvgG1P64PI0y7cCTJTmpRjBVb1kswQSayujnm1vQ=","XyvTr+BvVfiA6f9yqD8bUG7Lbcc3LxcXmB0/M4cb9TY="],"block_size":4096,"path":"JSON-handle/css/jsonH.css"},{"block_hashes":["dSAcC/u0p5gR+PF81LidssM5O9HR9udSvtXm+T4NhLI="],"block_size":4096,"path":"JSON-handle/css/opt.css"},{"block_hashes":["nbep/Wqf2Kw52gpACF4VbeDTgh5ZtGgMyZ3NVXvLDmk="],"block_size":4096,"path":"JSON-handle/css/tree.css"},{"block_hashes":["FsWp6v3PkNl0BkqdC4TDkV6p2FzK+9cRQMIu/C297bE="],"block_size":4096,"path":"JSON-handle/css/treePic/arr.png"},{"block_hashes":["c5f3wHglTZPTkLi3pkST8V/hIQUYjVVAIuC8XMWGRAg="],"block_size":4096,"path":"JSON-handle/css/treePic/boolean.png"},{"block_hashes":["K7S4l+GAzSB8KxkpJ6lGpnD7s25WIxu7EF7Yxxd/KUk="],"block_size":4096,"path":"JSON-handle/css/treePic/elm.png"},{"block_hashes":["VFoDatHpWPZ6WAPJ/g0mpYqX1+B1+iZCQYO2Mn0sRBU="],"block_size":4096,"path":"JSON-handle/css/treePic/folder.png"},{"block_hashes":["lH+XeFHwSSh8Ke2WzWT4+CJo7ayYArInXSODEvstRJY="],"block_size":4096,"path":"JSON-handle/css/treePic/folder_b.png"},{"block_hashes":["i4b7rl7CM3aMDACmDYT8kOxWtMUXixurjJMcQnafRTw="],"block_size":4096,"path":"JSON-handle/css/treePic/folderFirst.png"},{"block_hashes":["VcI3ZOnQcdK8iKjaxNeX0G4IUttU7RUGvqoITYReAZ0="],"block_size":4096,"path":"JSON-handle/css/treePic/folderFirst_b.png"},{"block_hashes":["ym9bGj2tZiTYJSwTB2wfrTkCeWZ0h2U5M4w6LhKvbqI="],"block_size":4096,"path":"JSON-handle/css/treePic/folderLast.png"},{"block_hashes":["9WkhS7W746CWq4AnWBtIgkfdpgJ60IpXKcVjUomnWj8="],"block_size":4096,"path":"JSON-handle/css/treePic/folderLast_b.png"},{"block_hashes":["WGDYXBUNQPf+tKxNuyb0huHsZSqNxqjaDdS1E8apo0k="],"block_size":4096,"path":"JSON-handle/css/treePic/folderRoot.png"},{"block_hashes":["UYJxYQaeOgH4tfbCvt7fnjBfnN33WG4tNflk8bIlApw="],"block_size":4096,"path":"JSON-handle/css/treePic/folderRoot_b.png"},{"block_hashes":["5xAgTZgMQH5ro1y3+++fLLudAYIls0uwQHTNQRzH338="],"block_size":4096,"path":"JSON-handle/css/treePic/line.png"},{"block_hashes":["9HXBPCqmZ2nTwQATbEh5XGIINn77NR4CFYebIFUfRmw="],"block_size":4096,"path":"JSON-handle/css/treePic/node.png"},{"block_hashes":["N1c7roRBPzvuf5ERLpU74jiTm2ypwy28Pf6kDWgdeDU="],"block_size":4096,"path":"JSON-handle/css/treePic/nodeLast.png"},{"block_hashes":["vlI4/McelYldcmLI68DZ/mHQcvD5Ydcj5NdrCko9DXE="],"block_size":4096,"path":"JSON-handle/css/treePic/nodeRoot.png"},{"block_hashes":["QHe8UUFv7eO6E2ZkykwRF8xbWL9N4IQIkk2aQjAUinM="],"block_size":4096,"path":"JSON-handle/css/treePic/null.png"},{"block_hashes":["ikb+8AHelXsBDmAoVjhEoqlT8uj78aeazEWsTNpa2r0="],"block_size":4096,"path":"JSON-handle/css/treePic/num.png"},{"block_hashes":["uFCSG9lZosSWA/xRlDylLxCj5IiuGeeVs+DsMHH6/Ik="],"block_size":4096,"path":"JSON-handle/css/treePic/obj.png"},{"block_hashes":["kvdlJHoYtWvykZUci89LFHfSiLzNrnjQBG7Apx225YA="],"block_size":4096,"path":"JSON-handle/css/treePic/object.png"},{"block_hashes":["9yKrjf1ocpD1hkDHGKwiZj3HAGfzaKYzV73ucaAMnd4="],"block_size":4096,"path":"JSON-handle/css/treePic/objectOpen.png"},{"block_hashes":["MNsWsiqEgp8/kH0IcmXpq/oxJWfFoWjbcon3d3xPPrY="],"block_size":4096,"path":"JSON-handle/css/treePic/open.png"},{"block_hashes":["4yyQhNuIVXf9FmvRv+qgVxGVyK0+mpCZs/5rWof/CPI="],"block_size":4096,"path":"JSON-handle/css/treePic/open_b.png"},{"block_hashes":["dS5Y83MijHhdwOaBxRto2Wjx6p2z6kO3Y5748KaAZ+o="],"block_size":4096,"path":"JSON-handle/css/treePic/openFirst.png"},{"block_hashes":["wcZDthymmWI8zwTrZDAkHSbczfcDUvrR8LDVDKF0LSY="],"block_size":4096,"path":"JSON-handle/css/treePic/openFirst_b.png"},{"block_hashes":["VPR/ZnVqtunfuuHw+1qojE17uW5TngJTk9HObP5xcao="],"block_size":4096,"path":"JSON-handle/css/treePic/openLast.png"},{"block_hashes":["lQHJL+dW7Fayp9K0mmmdaTsVzfqdYbLo4g0bqfrRtX0="],"block_size":4096,"path":"JSON-handle/css/treePic/openLast_b.png"},{"block_hashes":["QaoGjIl4YQAA+bNOyt/s0RXZGLVxKHfO6AOaApvqmCY="],"block_size":4096,"path":"JSON-handle/css/treePic/openRoot.png"},{"block_hashes":["k3gFA8WgESZSlFaBgPQcHJNzLKKCNj5GSVVdUrZPk1Y="],"block_size":4096,"path":"JSON-handle/css/treePic/openRoot_b.png"},{"block_hashes":["VSo3n/qVbla131zxISOyFeO2g7xwiR/SfBrfLu42+SI="],"block_size":4096,"path":"JSON-handle/css/treePic/str.png"},{"block_hashes":["1kLkPQ3qcxHrFgv5eWKxnN5mUcwgb+AALBQ9d4u8rdw="],"block_size":4096,"path":"JSON-handle/js/ad.js"},{"block_hashes":["Pa6ywmPEj9E0rLwCPOucA6s9rwCIIQKr61fM99BOwBU=","qS/gDEQ5OhQQ7l7FqgpraksPUvS1b8XW0gfdF2xBdUY=","lILjptEKbDnP5kKqTs0tSJB4A7Y5LDrNDxn8hwVuzTg=","6K9YXhj7mjeQtjrgBsC6T4/2zzqOIqdEOtzWxh6V7Ek=","Cb9gzrlslgnceFvIV2OUrmmTW75e03p99cB7QsDN704=","oTWuL/SPJNP/1ClrGcFZ58DQtu9YfjjGONhEd212Fco="],"block_size":4096,"path":"JSON-handle/js/jh.js"},{"block_hashes":["wi7QOt1wbve3N+8sc61QOegEV+IdWi3m7NgZLlJGRXg=","JProJv3eJ32VVzGiBBGkbED8mHDids8WlbkUdIoF9yo=","KYybAFRYBTe4lezu1WMoGN6cEhapSI/vyshVqtQ/5AM=","OaRGYIF5gfz8vk3h4qeMoSXY3ozhdaR5Sr2UnRqWdFg=","xdDgGSYlJZ2VLI3YxWNzNb38hrrdWz4gwroUvqL5K/M=","kVt165ap/GzBHyFR8R6Ohej4bplSUhPbhoAdv40bFbo=","eccauTk0yb99WX35haQdsuulCnL+DEk/tpuC3YcujLI=","fTmUUIY481zWRsdAvodE0UGm9r8rKoAGd7MIrMnaCfU=","DVkhAHoLSczLV9cpXizdmK3hsWTipP2YYPAohO7HLtw=","nZSJrKpNuExw6ua/ziCoMRycnDKtqwIbMEvh1Gu+xso=","M8NkJe2C0fK5B4WbA2VsXNv780JF1XBZ5O8s8/txwhY=","cmS4HA671L7rCnkn6+DRDETveHyIpsNCZwuQ02JTbok=","XNPE+JMQN1h6jq7LwR4ywbqmk3bUZi1GU+QjAylQ/XU=","m2mfBIbNME6TBpSHm02LTDY6TwVc3os3Dp4VOA3YGDI=","l5wKue0uGwGWLj0S6pjJvcFHwaKLzSJP1ZHhNJqYAk0=","uhVJko/aF94o9z0ute6KQh4cU/W+9RyRSrwCjNmZGSI=","0VcRirrwkmCAXiS9W8HRNgjq3v/1ra+9AaMjEUns/Lo=","T/6NG14B4xCK7MTPFT5zUr4hFFow7HjG034eEc3JfSY=","AMaUWw6Ir4gdzkliBhq/Ojm2jJvduZJhXe8boBusDYI=","xuXmarbMcltLalIGb3cc0pIC8DWrP/FKtpl9wDQ0duc=","k4Zaj35Dhv/WLcasmH+b61B6Gu4V/HyG1Vepn+e2+7k=","erkgVsLVfvLk9KWX4Do90F+jGt7sT/19/yqqHXWPR3g="],"block_size":4096,"path":"JSON-handle/js/jquery.min.js"},{"block_hashes":["5pP6J1ggVzWgnCuh4zSw14WP49nXDPApUH4NZ7kjpl8="],"block_size":4096,"path":"JSON-handle/js/JSON.js"},{"block_hashes":["3CNM6aQkIQYkFXGkGZrPu4Avd1ZQU87xSfVLUR7N2YA=","sStdkb2sS9vvXqIPhGWEL0IzTDmJNIPg/H63Y1s4Ouo=","WD+C1znNdmENji+QobvJNtYH9cMSmbNbMTYs58v4Aog=","5fSQaLk2jnFGkbfea4TqWm2MRpI4h0GJg65dI0kghCM=","KMueBM6YwHbIN4SMw5PiercHO8vh04wyKy9SLdJ8mRg=","6EzFhfPh5kCYtbQQUnTOk+VAV/qxJF6vCsX3lx5UIbU=","AOBMzRUKi8GQK7gYWPEihjnB/DtftC3CTesOlk8kN6c="],"block_size":4096,"path":"JSON-handle/js/json5.js"},{"block_hashes":["Yb9aTHgVe2itUW1dBCJkcQpRxCnmx11/DIJLoyTcqgU=","K15D9tIsk6Zntf8a8ukGmy9IqI4LPNqkrFykW0A5NNI=","MeDq1dSn4IPvFtFl7TZ6kd4Fh5cyCPld2MU4C0891eg=","SQTKVfEcGu+nUtq3qXVkuykkXGfRkQ8fizFK6ZcNwUk=","4PEgXLW6UnecqskPc/PD3rt7lDNLQgNONPQeroq9+BY=","AkiiHYfe6inQ0RuAGKb9vXTYuvayFZIIu2RDSh6KMmw=","IjjhFFrYYT4ZKmmpAePGR4L8A3PV5ytQY/ob9vOJWqg=","l/6AgZL6yEVaz3Xl2PXgB6DK+P3e59xkVP+tIK/GmFE="],"block_size":4096,"path":"JSON-handle/js/jsonH.js"},{"block_hashes":["L9QYLQV9Ixu/wIFiPKHGcSVhK1vpE9UFocH6s8C6soY=","wmDsYnjMn/sqldyXS+8NErEz2w4PE7VBWNsda3ttwjA="],"block_size":4096,"path":"JSON-handle/js/jsonH/nav.js"},{"block_hashes":["2/bLiCSOy/obiTJ9RzXSmJNi8Vk6oWQj+MxiyKyk/Oc=","eVHpoGO3rAkGKmdU3GKJqvaWf+vud0ve12jrN1LTEKM=","nqS1uwDUbUz2IRSVs0wMMK7T00S/x0RTk82RvMHjdh0=","5HBevKlmFBpwEFZxy+jkjdiiWbVoxDvrsHLK//Z61Nk=","jgo59EBv6ITgkps3PDuT01PnsM3XUnef2b/I4H1TFu0="],"block_size":4096,"path":"JSON-handle/js/jsonlint.js"},{"block_hashes":["/4ilfP1SXr+Q2KLPMILl6d7Zzbk310ZQad+/fWarWU4=","EYzTv0gD5OXPRS+HAampjfXMplhGHvUSsJ1tW8aAWJ8=","dFyeTFVP9kDAgz1VKxF9MMlf5XREPfTJOwailDh7+W4="],"block_size":4096,"path":"JSON-handle/js/lang.js"},{"block_hashes":["m7BDdPaydkxEnRDQD8DIvGQWuxU83DvVistRbQzBuNI="],"block_size":4096,"path":"JSON-handle/js/listenResizeWin.js"},{"block_hashes":["p2bzP26h7fBcflJf01Qau1q07OhIM/3STy/4SJMy4XY="],"block_size":4096,"path":"JSON-handle/js/pageInit.js"},{"block_hashes":["jISTXS/oVHX5DkU4OJr2tZOYtWpgMu7/T79ngSjzPa8=","xrhgid0Wy1ShxxHp/b5s5e91/g6BbW9WGig9ASiOReo=","V4Wp3ZTZ7YZQck2KrxOVTuVkqBBewddzDI8jpCP6MYw=","8Su60rvPHzsZgLeYz/yE61WOjJwjwP7DWT71Qi6CHbs=","RDtmBo02sUrQsVn/UEiClPm/krWxmehVIwVkP0ZElUk="],"block_size":4096,"path":"JSON-handle/js/treeNav.js"},{"block_hashes":["sj/RQ4NFg/46HCQGDsYWT4Fh7U+ad7hGrmJPPa+t2V0=","0ARDoJ8pDRemCSoOGldNe+L125uzRbjTTDkgvoz22oo="],"block_size":4096,"path":"JSON-handle/JSON-handle.html"},{"block_hashes":["wugfpuEXt22FjrjT+StudhVivVsNvLw3xUAp6HFtq+g=","+ddHdY195RMhVg1b3P5krw29jxYwS6abcUFkPJSRRps=","TjUOYFtpi1t3yU/u1qglFYwqguu7qEOmHNxk7dkR0c4=","BgW9FyoizmGpEYMDz1UaxrVoiuqXhXwsYalz0QTkhBM=","QAo4R7sAuo2QKy1lWp8tnfCWN3kiipqpLuGwf+zU2nk=","4F7kbYWM/fAaLAjawyb6tef6W87jcVFQWNic6FDvbAc=","7YQQM4ydRAzs36iEUSeYzEuNhnaZDwh6BJ7nRmaGqMM=","57cCCuyMObe1f9/fXaIP5qmuOfgDg20mYDNVPr7SfRs=","PFXgkU8iMJBfgv5Pn8lhiZVSVRIWOI1FoOSBgrnr8dg=","h+I0eLul9kgvgDSecvjPTr3Pielqqhy6GDtrGxNbres=","dPkfV2UdKKy33kyKPQ4xuRaCS/Ie7y5ORhotNvLnjw4=","J86zaaFeGRfA1a4Blt8ps01p+pbzQITs7VtpE5coPgk=","dNo79cJgZ4KxRlEHpI2k45cn/Nnlj0YJIDxNkC6qs/w=","U7rFIAStKghrotAkFHlwQXA+ANQafs4cIzB9QAdFc+g=","4YYK9n8qg+kr92QcI0FHmiq/ux8tdBAbxwFhD1zbZgw=","+ddHdY195RMhVg1b3P5krw29jxYwS6abcUFkPJSRRps=","yj6tKp+Y5JPsNZXEIdPQFqkmTNqCZz9lNOsjbG8+ojA=","o61meUYQ/2OHtl6cgWrwDxt0H3DLAnCCEnEZ2WQvS3k=","71XGULto5ugWnlJ4Rj7MfJompgJc8U+LSjJMKw1GSlc=","51fre+4zZLBoHT0u4GOQZiDg94mS7hIkCPOxDQeP1MA=","OFLPgwuOTUTG8BdlBQBZPNBVE1no9NSYm+kUmmHKtfU="],"block_size":4096,"path":"JSON-handle/logo.ico"},{"block_hashes":["6QU6X6AsB1wCtWNn009k3EqPIVdGNRbWNk4iR1O2aqg=","epZ8Zj6KftwgXS6WffaidDrMiYJkbuYqESXV1/ZVfL4=","7qqDapZ4/becNE1cIgWvgwh2llIpX8plvQ6kFO45J8A=","7WS8yXj8zZ172gLr2RXIKxzHcEz63s/JUeFE+N1Kq1c=","8j0zexI9KH4YercPIG4+YVvayCoq4L23DrDPOBlvDDQ=","fbJgR4QdFmoCx6p2HqwiVTP409BZioqQ+z6ZAuspwBc=","43FIrBnLC7+1YqvpEkpzVJjdKwEH7fMdvklePTRxxCU=","mks3PSnIcU5qRwl+91bA2pf8ycz3RTCSpMwQ03rt3W0=","XoUyGCSPVD0sYVSwukgrorRtNpb+2cqTjOaZdaTst0g="],"block_size":4096,"path":"options.html"},{"block_hashes":["+TAk7zmztTPLPDqL8xy1f0SHeZVwnbsQPI7BrpbFmcQ=","tROjwc9tgTfnp2it1HQivp7PqQcQM0F5GWvwQvSRCCM=","2pYKvLQ+9SuL+lraT+casP/Tuv/WYDGu3nomm7QBeEo="],"block_size":4096,"path":"options.js"}],"version":2}