{"file_hashes":[{"block_hashes":["AewDiNXqAYZ4KAD/KBTZ+wKF4bru69EXyTmp/LQlks8="],"block_size":4096,"path":"assets/backend.js"},{"block_hashes":["E+l5aIn2VOZ/IE68B4B7CkmH1p5L1bsLB08B90PLlp4=","jAwPo95KWd49SM3z8ZQHuzQ8bCMdVzUGNlFlfs7pw40=","6Wg4x2aw3NevMPATA8YN0qIAVcUqrN33Kd+3aLEk3DA=","3teZF9rYyY1QLfmOk1nygmup5xHwecbf4kcIZQobTzw=","gSwveCzn1N6uF6fLqixlIylhg+dsW3inM+Chm7DzKKk=","HFYwMSRGBQy6Pz1d1Do66B+xxV0uhT1xh471utLBkOc=","hQgQedK1fwIHVk8H0zu/T13FdVinAKGF+fe3yodhlhg=","lqbKQMqhF4dU+dyr8sQfLlslEM/xKnmYbPFLjz4WqLU=","zokCjdAw5Dcb0Dz0tBTIYeuvY7c4VD8tfWaJqrPWjyM=","gTHxxbqZCEegHhKGxHjehwL3anlAwb1gPaShe05BzNU=","TV8EBISUHl8Yx96ExjCIkqcvcQLBljAIAsSshamgbx4=","Ix0DJ/V4zFglaMoHgM+y0wFAqbFJqmbWS5fQb/i5TDM=","L+OPF47rvKhWEZhs8vpzOkiZyOYMyO4Wwqt4oGR3l2U=","pKbkKb9s3XFPGg76oZ8CksUs9NM1J7NkSJMQ1UCEs5E=","Q2wnQ2Vch+elCvaLs8FQlPRNBi05W4FkhKeOHcMB3RE=","RPK7JkvmRI21ct8jGWhTkAw760L7vF+nBwRJbDAmcpY=","ll28E+hFQXF+phY3tn93Cgpsi8/FBwshqoE/E8fQPGg=","NoeCjJBwnn+yIkclaNQQA9dbucALpsKRiwhsy77dJUg=","AsL1RkmJu5jwbvMtwwVRUClv+Fr6xkL1BdU4LIaHhAU=","HS50rfRaB9hmbmaBTLS+bj3AGuWEYdRv7ooEsM0xXlU=","C9/JA2Bdhow04go0K09TdWsx98LH/gWQ4ySg15rmZMQ=","HCzQzC1V0HZAI7T0VzX7/YSLX7gx0AiE63YzOAKKaqk=","M5TlcJeXfPG2ywueDWg0r9ao+aZwb8Io7bZ9SO86PGU=","2B2l+dMIeUNdaT78EROM8LCMjtO3fFO+7Ptr0A8cuZM=","7LhWnB9gGDCmX6FJEyMYOylKXgRGuAuz2qTavY//i8w=","Vs2caBnc2Qs8PTIO+jZM/SLumfC/IcIlfWa84myINeM=","yckyWGGO4Ioh2V9hFnqTLBl5LFc4lAVVmvIUOdDHBD4=","64iWWSrKp8KPIaUrg9WudGvI3s8Ddqoj5qjaa3bOsZw=","8p8qty+q5lW0xsEam9bmkiurpoYyHsSpDpxMEGOZu+w=","k6iaoV5L4G6EUodsEOPftZOlrrgRq0SF2DhHx4+GfJI=","QDjQA3b9rkscpS+CM2n+3+IilLDayBjY4BrwJQv6MTo=","E3O5+LX+o3tvhYJ09SndSIjuGY5RLgLSpJRajqcScoU=","UwvYS9nR+d4L2DsjoqrwzQUGQb7Q9Lhl9IO+cSxfWWE=","u2robw6rXzPUCWKrrg6Bsrn6IP51OMQRwFWGzhD50dQ=","GAApVpYIxiESXQSRMCltyDossGMY9+e+CACzp4Ohoh4=","omhIRah52bihM7/6vmxZ9LPWLfjP6VQEpwes6EC4pv4=","6TRsoXIEv78KY1roJcnKZniRsXm4L+aamDGPGiI9dG8=","PXgPeHMfpVEtNzyfrjOT4DuwwjxRFXjF2yxTMJi0uNM=","bxQPk+u4npPz2nQwB/BKgMGacu0r+9eZe6qJXhvwkDc=","GFEFBXSm8C+rbFb6Njr8cZLc+75aQtfUfPHvMofRgYc=","cSqV9+D6dGrC8miUVP9iDjE2Teg159NCTYsjwlzuc4c=","xfX8VwqZ1KISoh6i2igQb8+r0KjheelGcOfvX9CHhqE=","Qfv9DHf0WdGTpWJyuuxyoQVko1xxVbK2st8dJo2DkSc=","TPAVBk+BED0qHJ/Ly9Som4fqHkmp67TqCvim/Rnno9c=","hWSXW45aFB/AAOEWoS+WhH8LRh2Ggt2I6WjbpYiSa1U=","Dq89/wLFZJOo8Nf4vzBQ1eiEDjXq9i7fyu68ZMx3MRg=","tTeOqNDi4NdXcO5P+K78JM1yPcJQF22h7sup4HuOmPo=","18YAkU456+UreikwQerSe0mMf5F9j8iBSbxg3HrmsZA=","JFE2JP9sEbWVMS7cdAh6laE8ZlaLDR6RuNxzFmfvOYA=","g6Tbi74OKExB+3TRzK/YLPF7gnA0IvV5hn+pbOyS3Ws=","6yjo52Gs//+FY6R7u47tOFgyI+BlngNhi9Snwb/iYeE=","t2/hc4yzjQgazC1Rgr4zfnGcl6800At3u0cT0UjyaEI=","1XdJBQnYZ/S9rFOiFs/XnqxTEIUCnYfCvVfAarpQ9Yk=","WQ9LQ9xY2J9lk/i37XVxuHD9mJtIfgqqCYQYY0i216I=","rvkVuvwoBDlZkNbgsocY/G/n+xWN6cpIjbO9gLvzPdI=","ZnkfI0p4kzDasSL6A5zFkFbl5CgPnKebK51PGkAfOfY="],"block_size":4096,"path":"assets/omnibox-page.js"},{"block_hashes":["hSo9qT2yPZy61nflE75a6XjCpXDHkrl/GCPccm8a/J8="],"block_size":4096,"path":"assets/omnibox.js"},{"block_hashes":["5TI/oxRxULOjbDGa47Y6yhhE0jvIOS8O1gcl7JsP618=","bOVr376xC3T2G3oaguERh9Lxa4nON+Kja3DF421qzes=","HAa8ih/IYRHtJnIBGqo/yqjxc5iHAVs6EzAk+/wWOXI=","DksWzOHZt43O72CDb7VVgZRk1baKov9W109zqlJrrr0=","7wcStqjsAozqh5s/FCaMSddwFLBhcAH+6TABxuaq0GU=","/V4lpwLp1nGoYJGhKHC8djS2XE579bXOrvySIxUuDno=","Y8mlJB1T2BntXD+k5eOHfIeDKPoz5G/L35zfji1lTPg=","tPjT+6NuQRyK/H2GTJaPKOSI1MPVt+gkeM8xGqTjNvU=","Lkm7hBCsmKQVAG+Qa0Z6GIDaLI0Lhj7x0s3nIUNcLOc="],"block_size":4096,"path":"assets/options.css"},{"block_hashes":["HDDv19v++4CwcK2jOhtfJc8e3e40hjVk2xDYGoxs2z8=","7amn4IFjaWnsNI7V7nm3nFdQCyjemSEPW2jg10aGosQ=","wsmsI9+l7aXlEUlhSE3DtVpdwndqvEDhjMZTg0TCGJw=","DseZRFUn5ecR6o9BW2qi93nS50FTCKV8aCasojQikpQ=","gjGKzUPv8IxCljJWPWC+vHx3dbRjPGdG11uE3vr7umM=","FmiqKZpCHYGZWMJRDxh/sZy2v5JuxNgZV8jZmQgC2R8=","L6/rxmJCWjQhOBeHkN1GgyRWmBaQ/7JUMimXspjCKpI=","tosMmfxF70YxfQLyxlyI9LDnXfWxYKEqlfVi3b60DFU=","Kv4FYRe9hLesa+mHf9+as+yV70I0TW+fl8q9iyvAwJc=","veX9lOk8bdsNlDCL2Pp1OPSShZ7ph0GUTcppekx5MMs=","Hi9ioDNiCv7zd3I80SYQxS0zhF9O1l/bH8KZhbtYGS4=","HSaAjEoTS7Y9N4QhhJL1S4Vo4AQIQ9j6RKKQKAXZsrQ=","QZRHmFiTQOsMJPoPjhASbRmJWju0EB2mbS8MGKgNqXA=","E884rd1rfm9zfQjgEBSj5mKHCle66bSf3wAUcNfdr90=","5i8rSccmF4BUGivAEMLz4JeotaKHX/zxVvh+JpOfzUM=","V6+Q+26qx4IdlZe590RKZs93pUeToJCUkUvk2qQceto=","AsM/GueToeWUSDDTjCyU/dRbK7R/17HwafSeOkgceHI=","fHdFMwrqaZiWdnAGBhmWgRZo3wfHpQYSGcsGVYuv5lc=","kS9F0czVb++fecqbG0HwcriQl+oDBknznivpMygfcVc=","5zvN9pEnEI3zkngfI5w2/+uYJGDF7TgSxKEz8hHYZRM=","QatBYImP/vNgW5SIJeL4zu2xe6wLwaEg/7nI7y0S5Hw=","DjJtekHQrubLxqKYA6sCfrIywg9e2zv7mQGTiaS4x74=","SqjAjl/ZhfOMCT8ui5/oxsLTU9VPhdf782xIyZEE+4k=","19wuaiIl4SNFAI3+IVhWxRjSIj7bRt6c0Pvm80ypMEA=","4dNhG46SDnlbWVddaTAApF7NB8mF/joddIzoABSwLrw=","WROOlJMSZl1V69KyX0cObOoixCMTMyavn38LZKIWsus=","oOcmq5kEa3GSAkT/JqvPBQeXxy0vJ4c/0K3fyI1oAL8=","+E8jQ6BaW4Rv6ONsKBetzXbd4HMjipz9YOVN8d8Jpsk=","rxJB7huGaRnPnXPQHDi/mWm4cYWEn0giJk9OU8OM0Nw=","e8oGGXtBcDyArD+TomVPu3xr9nAoHKFVAVd4tDK7c0E=","wuUD/DBVdg4VHNj6jgffOlY0mHQL4OdUxAPBkAlnuCY=","jVBy9sipNG9Agd0ezs40Z5zLLmmmryfm/AW7EwUwA64=","sDaYxup2yRAQhht/BdEPbDqa/UgxkFlZ9k01PKE8dnQ=","frP0yxDNIkDxW8ARKP2DW/RzUAf5AxaqJtLS8m+xaZQ=","RpwhzpenDDV9GRPoKEBQd6K0iS/zQ+KFjHe7zu0nzL8=","tY+INUfbZVV1KOuEtVuPjrGxzAP83B1KZsQYRWqtXYI=","lvQIlC3Ig+l7CvtArgiaLxQu99OJSGg5q00n5rcHaeU=","vrzJixOJ2XuC2K2D+c7zbkCRxQbAmj1a78S2mfPSZF0=","sCfg9M/N7ZmMJ7t7cS/51+OI6FWMldGMbnqBDKWcWYY=","9wpCDHBLkLFtDMfmB3KGgx9QivYtKhuXBUljRdw+WUI=","LHuYfkxIzQhGcQ8OvC1kSPYf/Uo3hDnaT17UoTeEPas=","VJEEXilyhJyHcPc2r/5MnL/pVYAoz+pRNoK6I0cvSH8=","ICWVelV2AsqKyu35Tgf4x9QSsXn3s2c4bcANhqPXmbk=","sIDN8v/ghI146CSFsS9O93mLKLynHRnuYYGqobiO56c=","6oL4ZIZsoHDoxX0FeiaxTzpPpoJcYmaPyFYCRxWNoiY=","d6mMXzhaOAbSN5E73ndMtgQpGApl8ZyTq110RnG2RPE=","AzSAyzH7OAIT/+q93/ktITT1LQqFl8hknFkxsITqvSs=","HUzdrOOHNLQnc3qnOkqFewkXuke6cXdsLpfN/OE/0FE=","Se+TCdePPUGsym6hIFy7pAh5H61h/ePZPjnHe/ChX3Y=","AcJRen+EgJdDhatbo9HYOzxWraHVzhPGJfrpfTmc+rI=","YCYErc0Zmsbt6kqwim0atuOO05ivU8qD9L4u/sXw4wo=","QjcG4XkJ5FXT4xcd4NPgfUi1aizmLqPil33K94YW2kQ=","2OsuFV82OpikrWnUTi6thKHPQfrDPiip2Gsf6fGn9L0=","hTGEBZNw5cgEB9J5d87eAYP6Wy0aBuyyalrEk+rsZrs=","DCa5pkioDR/wrUOK9MINEVTtfyksIWES3EziAGdR8ww=","IGEr3O7O9NM6XS/qiJtiDnfJFns24oYdrrBfJNtOEx8=","qcwHl1+6v7/yl3qvB21W1s9eu03nvgI80CCKPKO04gA=","UX76KIojE6lWwsEK1zG0K86D4NaxEyyv9TZmZU+IntE=","IU2Jix6YvRAnBD+A3uANQBOnHsCZaKr0OIdd0y5oc58="],"block_size":4096,"path":"assets/options.js"},{"block_hashes":["zRr5MqL6gW2qnsSwXiKqItWHWOTH+oP2R4LzI0vss8Y="],"block_size":4096,"path":"assets/viewer-alert.css"},{"block_hashes":["5TI/oxRxULOjbDGa47Y6yhhE0jvIOS8O1gcl7JsP618=","ViEES4+Sf8eujmgyzSfZcIfKxfkvdGxmfLw4OddWaLw=","AxBQE+S7JFICpBOfWVMkiAe8cXSn80+WWuulYE8gm98="],"block_size":4096,"path":"assets/viewer.css"},{"block_hashes":["3f3g3TdiEGyX4nw1WmlU+5PAtJaVdtp7fjRL+9vmIqY=","+2YPGNkaxDwm4cyz6lsuQvrkVZqeJZjt9FknNrdPdBI=","u8N2wjbG5THeKsnd9j0CrA2Gzs2FnN+4rGu+I9pSXiM=","jpQITVnEu7dZwTcx2DB5fCSdlZun3n4pWd/Y4nSimzc=","Av5ntGzL+TTcGSgEhB3Qf/sUm3kLgSJtI8lUFTQwQQg=","rSlGWIjoe6g8n1wm8G1+yDOHGhaJWYz1DqhZRA+tR/M=","BlasTS0N6fgwiDr3P46hhAYQwdUvQAct7kUl2F/Ddhk=","QXwTqh2Vr00L7DUWXWvuo5ffcjykHiRe1Po9PmCrY9U=","iNWCAJ1lDjrhmNQZs/AbOqCFdmscYI2phx57dRKmVno=","vzdVpH8OH5pOFoC7F4TCCC8oGY7CbAbkibvTmw9P5ck=","xZjqpV+wAhj4rCSqaFrEx/p1r2dpoM1nFjRCuLS0qNM=","UkqCZk5Y1R3+gpLHNEEg5Mt28+9bvMNlkFoY+LWBhd4=","pUXyYvEV6gHjykbnSouMFZ/MMOFpwfj2UCCgu4z5crw=","qy7xOlYlHQT3z+10pftO3XIaxpG0jnPXa9cTv7kusjw=","YnKwdnpmABInv5L+estKYTMhXBeRxiAwIUAQ0up1A+E=","4qUyLmRifQi/ZhxmrGWDnZYereza3lj5I5OxpegWUZQ=","GP7bT25VMCRHiq3T9GM/ELlTsn6lfzvdRoBwZMgcu0M=","6Eh8ZwYmbMgiiQT15SOGfWF6458NgEVWoZfp9foTmtk=","0/vOIHsIPSoqvHD+EqVSneF70YIrHV/S1baB9xoMEEc=","8LqiiBH9UPbqQCFt5HiuhdUmqQivnY1A7vx48bWthac=","tHw7eiF+Z+SD9maRXLgB36fbltTGzjAveb1AKhhIvk8=","2kHfA5ftt7n1o3oj12TBuKyqYK2GanzapXLsrPZUvH0=","/8SU7OxgsRBJT8umEvW395/fY/71AbVGDE/ViQpYaAA=","obg2jWaiLHisC2eyiJnnwZ//rSE3fEHfoYzpEslkXfA=","ovpJ/635tKOfAydjkRkozCSycJmhumX8u7PilS/CzXI=","QlOC7TyZQUj9JDRcLWC4HHUkCmL09YaaHftV2IqIV5A=","5cbLCf8cmv2eLjHv8Ca7+RQS9z58w0gSgbYqdkHNYEU=","Qpkglblypc4qwvnQj4sb7ULZKFDq2MqKnouaD6hD13E=","jWjHGnYAMvAfZLTnFWIIdHLLfjhFKt06fJno4gpCo90=","ZkxIRkWPRXfZnzD5liNYwK7SLnoYoTFV/5d5npMyVnU=","g4aroa6ZIcnh/aQKUF32ebVdiY3KC3qpFoiR6wHWFNI=","17r953azOOCO9KADPc/sBZc2jqG6h1CMhOZVH0974Z4=","uY+CBqg84eQEd5QgAjfi3KA8U+pkaAhQVCs3unnc8w8=","FvV9B2KCQjMznbKkNIZ18COvqsDqCAfOECOgOEN8u/Y=","ZkLabSwL7FFLiFEEl1E6ijC83vlM8FOIVMpsa+GaUyw=","r/iYRwQfLNVM32k/zcORWYHVenTeI0NeWso64EFmupc=","T2iOU8tj+I/8BmtCjSkOlNDim49EeAp1rbiYebpRXsk=","zTkA/teWCIaVz6MomUY4X9ZQQorq7ndn1GnkK70yfKw=","dwy7C/2YemBYsyaD5ZkkDiAqElKqzJuwZCK0fYOviqQ=","Lh87p837rlP4cbd8p7TQ0P2V1ppADCn4uT0KY9SkUI4=","nPbQVYaz4RFv338nV4GEb6/osD5Dbv3Q/Xb7bC4EtSA=","uYIILo4cBJUvJsz0yPuEkSQ2j2Qv//72zcUY0y0pxYU=","tXY17kUEadbCraabhJqviPSocA7idGQa7oW63F0G7Sk=","eXsyHP9vAze6jzk44gTECNGCAPPxOIQbXLtUaVHvAXs=","cPZbMb/k5QmEUDGVyrm1sgorobtKMOTwzaFcmo0G07E=","DhtpfjgRYhAAdDfauWBk0dryyDBBTqo3GSp+DGQIi5g=","ELKWQyI9qxe+NPPRE14CvlB+3wWLoww/xfWQm3K2XTE=","c+bGixDIcXh3AQP93un3xvBkYwbKEOAHqyo+sv+G0n8=","mtBH2To2Jl2DDe0O4mdu31v93DTNAoccRESEOz6knXo=","ufh6CljUIx3JLFGWyQBhJ8gCZRFO6fxMt64m1PvxzuI=","i09OeMKqkO3J1B86CsOkKooK3U1ZnTn3niz7kzIOl0U=","+NdCTzqRZvlBGfuJl8LTSIYsEbVDumwNmgA4jM0G0ZI=","N6LGV8xgkKkYcc0I32CgGwDj6B+Xofukb5Cs0E9HlIc="],"block_size":4096,"path":"assets/viewer.js"},{"block_hashes":["WkZ8TTprSTYFMfacj3s1JAVoRW4UgIbu1I4pvBBmWvE="],"block_size":4096,"path":"icons/gear.svg"},{"block_hashes":["56OTAv4img6MYTGEDJACyrfjEKFfNIFagtMEgS0W6YQ=","VZpWB//2EF/gzteuYIi3+WtZQof8ZPFH0k9wQB8eAeA="],"block_size":4096,"path":"icons/logo.png"},{"block_hashes":["19Lb1DVB3q0z5t1yKelUNJXQPTVGQj3L6pIeFDJY+TE="],"block_size":4096,"path":"icons/raw.svg"},{"block_hashes":["EKEJM70TsaRBjrlOYcEmONjwZIXT4MHaNHW6neZflI0="],"block_size":4096,"path":"icons/unfold.svg"},{"block_hashes":["P3jRyZvdIjMPZnSS5+LJxdvkoHlZQQcre8A6mgoQATk="],"block_size":4096,"path":"pages/omnibox.html"},{"block_hashes":["WOAVxRofBy/xPWUvgIWaMvlaQmabwn1Xo7/rMo7OWBg=","mC0siTMBhlm3Dr51tQCGQJALAhPJr2WoXtbZM1rY3dY="],"block_size":4096,"path":"pages/options.html"},{"block_hashes":["vA9v3d32NCClyj7440Fosl7btE1iMMirpchGexwKULU="],"block_size":4096,"path":"themes/dark/3024-night.css"},{"block_hashes":["FPeok142QX6PkiDmSSQzR4JW9ZYSrAI4FHyvRhK1xfw=","w7jjDt+v0JagxIQhwVIGduOyZQgM3nr9z3hxq3PPhlc=","cQycSTMYWT4U3aYoLkRpyNJ31T48LBC0PV6KUqUkdLk=","8vhwyOKbT4c/wzVS9qz2+bOBahkT9oQOeNqVkuN+z/A=","zbZs5blqMDb45ASdkowqtOoXnfMCK6e99/US2CIf9fo=","zYIfVQTbmPk+xFm3M09D9R9aXVi/vdPtcf1NHskUdtM=","vj6qraG7MxnFmGMJu28WiW2dLjPs4oID5BOof0fO4x0="],"block_size":4096,"path":"themes/dark/ambiance.css"},{"block_hashes":["J6xaCkZHeBxRHgvVr8zdzP/NKg19H+3WVF7QpLR+vDc="],"block_size":4096,"path":"themes/dark/base16-dark.css"},{"block_hashes":["5kgsI7UJQZd3gVpSpLbEPWSASEeXTnZRNtyvgch7QkY="],"block_size":4096,"path":"themes/dark/cobalt.css"},{"block_hashes":["/IxrOuDz+qdx3sJX+FOWmnPOZ8U0VLMHb0A/7LKVrfA="],"block_size":4096,"path":"themes/dark/dark.css"},{"block_hashes":["aZSId/nSKXf9OeyJXYj3/3zAxsvdqQWzrWkYvRJwWXA="],"block_size":4096,"path":"themes/dark/dracula-custom.css"},{"block_hashes":["gieWZ+h8sfSib9lZbV0+DcyiQw1o5CYFubNI8O4KOmc="],"block_size":4096,"path":"themes/dark/dracula.css"},{"block_hashes":["OeIHHJdcnclHREQao0DlVJ+Z36g0tUyrQfkOcoTLDPY="],"block_size":4096,"path":"themes/dark/jellybeans.css"},{"block_hashes":["tLDDKRR6UoLDUFQNu3Wd7/87TvHcQM0ViBqzyyW/iT4="],"block_size":4096,"path":"themes/dark/material.css"},{"block_hashes":["OEwuGrQGHui+6pRl/+IJp43vLxvRqPHsKfLgNRS/3eA="],"block_size":4096,"path":"themes/dark/mbo.css"},{"block_hashes":["Tc5IIflUDGleldjqnCp29FWT+Gq5mm90pq+4mo6WK2E="],"block_size":4096,"path":"themes/dark/mehdi.css"},{"block_hashes":["IBkgfRX/bVE7wF/Zg9xkjA/cglVY5Aa5+YkP2uVk1Z8="],"block_size":4096,"path":"themes/dark/midnight.css"},{"block_hashes":["oRfrvm2GBQuwoSL77BK1L5y+owP22qF6Zbm77wKktGg="],"block_size":4096,"path":"themes/dark/monokai.css"},{"block_hashes":["F/a4hCbHU+ZhhBboUQi+tasOpEE7Y330wSGeaqC2nLE="],"block_size":4096,"path":"themes/dark/okaidia.css"},{"block_hashes":["XIlUWAMQnkoQRhWJvb4vV58+3N1xAT02Q5S5RAl8OUA="],"block_size":4096,"path":"themes/dark/panda-syntax.css"},{"block_hashes":["sY/ShAV3Fh3Pm7Hnt/qwy8sjLcRxzPOIPSk8r/BMc2U=","PphgBgx7eQMA410PR1EPDY5YgKpchcwPJDuJbNKu1Ug="],"block_size":4096,"path":"themes/dark/solarized_dark.css"},{"block_hashes":["T+YmnlbaRAfJO8MCiQ2Ff24hGsAwhdN/4VFQI+I7aMU="],"block_size":4096,"path":"themes/dark/tomorrow.css"},{"block_hashes":["hWcsoE10cowsMCfDvQmUcuwmyEQlB2wFYq5wAnHxHM8="],"block_size":4096,"path":"themes/dark/twilight.css"},{"block_hashes":["fo5n76wmbnSz0qnIpjqwD/UPOTAQPkWEEk8K+EByH48="],"block_size":4096,"path":"themes/dark/zenburn.css"},{"block_hashes":["1UmNWJTnGs1V9YCpYPT46MTjY34JwpYs1363cyeSJJ4="],"block_size":4096,"path":"themes/light/base16-light.css"},{"block_hashes":["EYm7DncriiTpyZIQIncdBorVMcwzP+IRpPimCmtvSZk="],"block_size":4096,"path":"themes/light/coy.css"},{"block_hashes":["Cfrw/IztCUx6A6OsQCTx3iRv+XxtT3bYAwzLia32q/g="],"block_size":4096,"path":"themes/light/funky.css"},{"block_hashes":["wagYqkoGlCDforQaCM7XAlR7YqXjnChaUWQONOmKl9g=","9tnJ+cvoDtop9ZzceBcrdbqPJ6mL44V+2hO/dgkrOcI="],"block_size":4096,"path":"themes/light/mdn-like.css"},{"block_hashes":["NgEeobBQuQLldNwFteHHjWEjcTNwXjQBKSwN2QnoJIo="],"block_size":4096,"path":"themes/light/neo.css"},{"block_hashes":["sY/ShAV3Fh3Pm7Hnt/qwy8sjLcRxzPOIPSk8r/BMc2U=","Hml1KVhRT44gYYFleyAvb6KyA3Q60Vu+ZvT0M/uOAkA="],"block_size":4096,"path":"themes/light/solarized_light.css"},{"block_hashes":["F73VyBJ/MKbbwoCb6thIkLS4tibThjteQOU6w14nnm8="],"block_size":4096,"path":"themes/light/yeti.css"}],"version":2}