{
  "C": {
    "cats": [
      27
    ],
    "description": "C is a general-purpose, procedural computer programming language supporting structured programming, lexical variable scope, and recursion, with a static type system.",
    "icon": "C.png",
    "website": "http://www.open-std.org/jtc1/sc22/wg14/"
  },
  "CCV Shop": {
    "cats": [
      6
    ],
    "icon": "ccvshop.png",
    "scriptSrc": "/website/JavaScript/Vertoshop\\.js",
    "website": "https://ccvshop.be"
  },
  "CDN77": {
    "cats": [
      31
    ],
    "description": "CDN77 is a content delivery network (CDN).",
    "headers": {
      "Server": "^CDN77-Turbo$"
    },
    "icon": "CDN77.png",
    "website": "https://www.cdn77.com"
  },
  "CEMax": {
    "cats": [
      52
    ],
    "description": "CEMax is a premium customer engagement platform.",
    "dom": "div[data-chat-url*='.cemaxai.com/']",
    "icon": "CEMax.png",
    "pricing": [
      "poa"
    ],
    "saas": true,
    "website": "https://cemax.ai"
  },
  "CFML": {
    "cats": [
      27
    ],
    "description": "ColdFusion Markup Language (CFML), is a scripting language for web development that runs on the JVM, the .NET framework, and Google App Engine.",
    "icon": "CFML.png",
    "website": "http://adobe.com/products/coldfusion-family.html"
  },
  "CIVIC": {
    "cats": [
      67
    ],
    "description": "Civic provides cookie control for user consent and the use of cookies.",
    "icon": "civic.png",
    "scriptSrc": "cc\\.cdn\\.civiccomputing\\.com",
    "website": "https://www.civicuk.com/cookie-control"
  },
  "CJDropshipping app": {
    "cats": [
      100
    ],
    "description": "CJDropshipping is a dropshipping supplier and fulfillment service from China.",
    "icon": "CJDropshipping.svg",
    "pricing": [
      "payg"
    ],
    "requires": "Shopify",
    "saas": true,
    "scriptSrc": "app\\.cjdropshipping\\.com/",
    "website": "https://apps.shopify.com/cucheng"
  },
  "CKEditor": {
    "cats": [
      24
    ],
    "cpe": "cpe:2.3:a:ckeditor:ckeditor:*:*:*:*:*:*:*:*",
    "description": "CKEditor is a WYSIWYG rich text editor which enables writing content directly inside of web pages or online applications. Its core code is written in JavaScript and it is developed by CKSource. CKEditor is available under open-source and commercial licenses.",
    "icon": "CKEditor.png",
    "js": {
      "CKEDITOR": "",
      "CKEDITOR.version": "^([\\d\\.])$\\;version:\\1",
      "CKEDITOR_BASEPATH": "",
      "apex.libVersions.ckeditor5": "^([\\d\\.])$\\;version:\\1"
    },
    "website": "http://ckeditor.com"
  },
  "CMS Made Simple": {
    "cats": [
      1
    ],
    "cookies": {
      "CMSSESSID": ""
    },
    "cpe": "cpe:2.3:a:cmsmadesimple:cms_made_simple:*:*:*:*:*:*:*:*",
    "icon": "CMS Made Simple.png",
    "implies": "PHP",
    "meta": {
      "generator": "CMS Made Simple"
    },
    "website": "http://cmsmadesimple.org"
  },
  "CMSimple": {
    "cats": [
      1
    ],
    "cpe": "cpe:2.3:a:cmsimple:cmsimple:*:*:*:*:*:*:*:*",
    "implies": "PHP",
    "meta": {
      "generator": "CMSimple( [\\d.]+)?\\;version:\\1"
    },
    "website": "http://www.cmsimple.org/en"
  },
  "CNZZ": {
    "cats": [
      10
    ],
    "icon": "cnzz.png",
    "js": {
      "cnzz_protocol": ""
    },
    "scriptSrc": "//[^./]+\\.cnzz\\.com/(?:z_stat.php|core)\\?",
    "website": "https://web.umeng.com/"
  },
  "CPABuild": {
    "cats": [
      71
    ],
    "description": "CPABuild is a next generation CPA network with integrated template building and sharing functionality.",
    "icon": "CPABuild.png",
    "js": {
      "CPABuildLock": ""
    },
    "website": "https://cpabuild.com"
  },
  "CPG Dragonfly": {
    "cats": [
      1
    ],
    "headers": {
      "X-Powered-By": "^Dragonfly CMS"
    },
    "icon": "CPG Dragonfly.png",
    "implies": "PHP",
    "meta": {
      "generator": "CPG Dragonfly"
    },
    "website": "http://dragonflycms.org"
  },
  "CS Cart": {
    "cats": [
      6
    ],
    "description": "CS Cart is a turnkey ecommerce shopping cart software solution.",
    "dom": "a[href*='.cs-cart.com'][target='_blank']",
    "icon": "CS Cart.svg",
    "implies": "PHP",
    "js": {
      "fn_buy_together_apply_discount": "",
      "fn_calculate_total_shipping": "",
      "fn_compare_strings": ""
    },
    "pricing": [
      "mid",
      "onetime"
    ],
    "scriptSrc": "var/cache/misc/assets/js/tygh/scripts-(?:[\\d\\w]+)\\.js",
    "website": "http://www.cs-cart.com"
  },
  "CSSIgniter Olsen Light": {
    "cats": [
      80
    ],
    "description": "CSSIgniter Olsen Light is a clean, minimal, stylish and elegant WordPress blog theme, perfect for lifestyle, food, cooking, fashion, travel, wedding, health & fitness, photography and beauty blogging.",
    "icon": "CSSIgniter.svg",
    "pricing": [
      "freemium",
      "onetime",
      "recurring",
      "low"
    ],
    "requires": "WordPress",
    "scriptSrc": "/wp-content/themes/olsen-light/.+scripts(?:\\.min)?\\.js(?:\\?ver=(\\d+(?:\\.\\d+)+))?\\;version:\\1",
    "website": "https://www.cssigniter.com/themes/olsen-light"
  },
  "CTT": {
    "cats": [
      99
    ],
    "description": "CTT operates as the national postal service of Portugal.",
    "icon": "CTT.svg",
    "requiresCategory": 6,
    "text": [
      "\\bTourline Express\\b",
      "\\bCTT\\b"
    ],
    "website": "https://www.ctt.pt"
  },
  "Caast.tv": {
    "cats": [
      5
    ],
    "description": "Caast.tv is a digital commercial animation solution integrated into the ecommerce customer journey.",
    "icon": "Caast.tv.png",
    "js": {
      "caast.open": "",
      "caastInstance": ""
    },
    "pricing": [
      "poa"
    ],
    "saas": true,
    "scriptSrc": "cdn\\.caast\\.tv/",
    "website": "https://en.caast.tv"
  },
  "CacheFly": {
    "cats": [
      31
    ],
    "description": "CacheFly is a content delivery network (CDN) which offers CDN service that relies solely on IP anycast for routing, rather than DNS based global load balancing.",
    "headers": {
      "Server": "^CFS ",
      "X-CF1": "",
      "X-CF2": ""
    },
    "icon": "CacheFly.svg",
    "website": "http://www.cachefly.com"
  },
  "Cachet": {
    "cats": [
      13
    ],
    "description": "Cachet is the free and open-source status page for your API, service or company.",
    "icon": "Cachet.svg",
    "implies": "PHP",
    "js": {
      "Cachet.Notifier": ""
    },
    "oss": true,
    "website": "https://cachethq.io"
  },
  "Caddy": {
    "cats": [
      22
    ],
    "cpe": "cpe:2.3:a:caddyserver:caddy:*:*:*:*:*:*:*:*",
    "headers": {
      "Server": "^Caddy$"
    },
    "icon": "caddy.svg",
    "implies": "Go",
    "website": "http://caddyserver.com"
  },
  "Cafe24": {
    "cats": [
      6
    ],
    "description": "Cafe24 is a global ecommerce platform that provides everything people need to build an online DTC store in one stop.",
    "icon": "Cafe24.svg",
    "js": {
      "EC_GLOBAL_DATETIME": "",
      "EC_GLOBAL_INFO": "",
      "EC_ROOT_DOMAIN": ""
    },
    "pricing": [
      "low"
    ],
    "saas": true,
    "website": "https://www.cafe24.com/en/"
  },
  "CakePHP": {
    "cats": [
      18
    ],
    "cookies": {
      "cakephp": ""
    },
    "cpe": "cpe:2.3:a:cakephp:cakephp:*:*:*:*:*:*:*:*",
    "icon": "CakePHP.png",
    "implies": "PHP",
    "meta": {
      "application-name": "CakePHP"
    },
    "website": "http://cakephp.org"
  },
  "Caldera Forms": {
    "cats": [
      87
    ],
    "description": "Caldera Forms is the free WordPress form builder plugin.",
    "dom": {
      "link[href*='/wp-content/plugins/caldera-forms/']": {
        "attributes": {
          "href": "/wp-content/plugins/caldera-forms/.+\\.css(?:\\?ver=(\\d+(?:\\.\\d+)+))?\\;version:\\1"
        }
      }
    },
    "icon": "Caldera Forms.png",
    "js": {
      "calderaForms": ""
    },
    "pricing": [
      "freemium",
      "onetime"
    ],
    "requires": "WordPress",
    "scriptSrc": "/wp-content/plugins/caldera-forms/.+\\.js(?:\\?ver=(\\d+(?:\\.\\d+)+))?\\;version:\\1",
    "website": "https://calderaforms.com"
  },
  "CalendarHero": {
    "cats": [
      72
    ],
    "description": "CalendarHero (formerly Zoom.ai) is meeting scheduling software that helps you book meetings automatically.",
    "icon": "CalendarHero.png",
    "js": {
      "ZOOMAI.VARS": ""
    },
    "pricing": [
      "low",
      "freemium",
      "recurring"
    ],
    "saas": true,
    "website": "https://calendarhero.com"
  },
  "Calendly": {
    "cats": [
      72
    ],
    "description": "Calendly is an app for scheduling appointments, meetings, and events.",
    "dom": "a[href*='//calendly.com/'][target='_blank']",
    "icon": "Calendly.svg",
    "js": {
      "Calendly": ""
    },
    "pricing": [
      "low",
      "freemium"
    ],
    "saas": true,
    "scriptSrc": "assets\\.calendly\\.com/",
    "website": "https://calendly.com/"
  },
  "CallRail": {
    "cats": [
      10
    ],
    "description": "CallRail is a service that tracks and manages your phone leads, helping businesses to determine which marketing campaigns are driving quality leads.",
    "icon": "CallRail.png",
    "js": {
      "CallTrk": "",
      "CallTrkSwap": "",
      "crwpVer": "^([\\d\\.]+)$\\;version:\\1"
    },
    "pricing": [
      "payg",
      "recurring"
    ],
    "saas": true,
    "website": "https://www.callrail.com"
  },
  "Callbell": {
    "cats": [
      52
    ],
    "description": "Callbell is a web-based live chat solution designed to help businesses manage team collaboration via multiple communication channels.",
    "icon": "Callbell.svg",
    "js": {
      "Callbell": "",
      "callbellSettings": ""
    },
    "pricing": [
      "low",
      "freemium",
      "recurring"
    ],
    "saas": true,
    "scriptSrc": "\\.callbell\\.eu/",
    "website": "https://www.callbell.eu"
  },
  "Campaign Monitor": {
    "cats": [
      32,
      75
    ],
    "description": "Campaign Monitor is a global technology company that provides an email marketing platform.",
    "dom": "input[value='campaignmonitor_subscribe_form'][name='form_id'], form[action*='createsend'][class='js-cm-form']",
    "icon": "Campaign Monitor.svg",
    "pricing": [
      "low",
      "recurring"
    ],
    "saas": true,
    "scriptSrc": "\\.createsend1\\.com/",
    "website": "https://www.campaignmonitor.com"
  },
  "Candid Themes Fairy": {
    "cats": [
      80
    ],
    "description": "Fairy is a free and minimal WordPress blog theme by Candid Themes.",
    "icon": "Candid Themes.png",
    "pricing": [
      "freemium",
      "onetime"
    ],
    "requires": "WordPress",
    "scriptSrc": "/wp-content/themes/fairy(?:-premium)?/.+custom\\.js(?:\\?ver=(\\d+(?:\\.\\d+)+))?\\;version:\\1",
    "website": "https://www.candidthemes.com/themes/fairy"
  },
  "Canny": {
    "cats": [
      13
    ],
    "description": "Canny is a cloud-based solution that helps small to large businesses collect, analyse, prioritise and track user feedback to make informed product decisions.",
    "dom": "a[href*='.canny.io/']",
    "headers": {
      "Content-Security-Policy": "//canny\\.io"
    },
    "icon": "Canny.svg",
    "js": {
      "Canny": ""
    },
    "pricing": [
      "freemium",
      "high",
      "recurring"
    ],
    "saas": true,
    "website": "https://canny.io"
  },
  "Canto": {
    "cats": [
      95
    ],
    "description": "Canto is a digital asset management solution.",
    "dom": "link[href*='.canto.com/'], a[href*='.canto.com/'], img[src*='.canto.com/']",
    "icon": "Canto.svg",
    "pricing": [
      "poa"
    ],
    "saas": true,
    "website": "https://www.canto.com"
  },
  "Captch Me": {
    "cats": [
      16,
      36
    ],
    "icon": "Captch Me.svg",
    "js": {
      "Captchme": ""
    },
    "scriptSrc": "^https?://api\\.captchme\\.net/",
    "website": "http://captchme.com"
  },
  "Carbon Ads": {
    "cats": [
      36
    ],
    "description": "Carbon Ads is an ad tech company, that connects advertisers to users through targeted verticals called Circles.",
    "dom": "div#carbonads-container",
    "icon": "Carbon Ads.png",
    "js": {
      "_carbonads": "",
      "_carbonads_go": ""
    },
    "pricing": [
      "payg"
    ],
    "saas": true,
    "scriptSrc": "\\.carbonads\\.com/",
    "website": "http://carbonads.net"
  },
  "CareCart": {
    "cats": [
      98,
      100
    ],
    "description": "CareCart is a smart app to recover big value carts on all sizes of shopify stores.",
    "icon": "CareCart.png",
    "implies": "Shopify",
    "pricing": [
      "low",
      "recurring"
    ],
    "saas": true,
    "scriptSrc": "app\\.carecart\\.io/api/abandoned-cart/",
    "website": "https://carecart.io/abandoned-cart-recovery-app"
  },
  "CareCart Sales Pop Up": {
    "cats": [
      100,
      5
    ],
    "description": "CareCart Sales Pop Up is a stock countdown timer, recent sales notifications, live sales pop up widget.",
    "icon": "CareCart.png",
    "implies": "Shopify",
    "pricing": [
      "freemium"
    ],
    "saas": true,
    "scriptSrc": "sales-pop\\.carecart\\.io/",
    "website": "https://carecart.io/sales-pop-up-app"
  },
  "Cargo": {
    "cats": [
      51
    ],
    "description": "Cargo is a professional site building platform for designers and artists.",
    "icon": "Cargo.svg",
    "implies": "PHP",
    "js": {
      "Cargo.Config": "",
      "__cargo_js_ver__": ""
    },
    "meta": {
      "cargo_title": ""
    },
    "scriptSrc": "/cargo\\.",
    "website": "https://cargo.site"
  },
  "Carrd": {
    "cats": [
      51
    ],
    "description": "Carrd is a platform for building simple, responsive, one-page sites.",
    "icon": "Carrd.svg",
    "pricing": [
      "freemium",
      "low",
      "recurring"
    ],
    "requires": "Apache",
    "saas": true,
    "scripts": "\\(\\!section\\s\\|\\|\\ssection\\.tagName\\s\\!\\=\\s\\'SECTION\\'\\)",
    "website": "https://carrd.co"
  },
  "Carro": {
    "cats": [
      100
    ],
    "description": "Carro connects participating Shopify stores together to enable cross-store selling or the ability for like-minded partners to directly sell each other products without the need for inventory, managing returns, or minimum order quantities.",
    "icon": "Carro.svg",
    "implies": "Shopify",
    "pricing": [
      "freemium",
      "low",
      "recurring"
    ],
    "saas": true,
    "scriptSrc": [
      "\\.getcarro\\.com/",
      "/carro\\.min\\.js(?:\\?ver=(\\d+(?:\\.\\d+)+))?\\;version:\\1"
    ],
    "website": "https://getcarro.com"
  },
  "Cart Functionality": {
    "cats": [
      6
    ],
    "description": "Websites that have a shopping cart or checkout page, either using a known ecommerce platform or a custom solution.",
    "dom": [
      "a[href*='/cart']",
      "a[href*='/order']",
      "a[href*='/basket']",
      "a[href*='/trolley']",
      "a[href*='/bag/']",
      "a[href*='/shoppingbag']",
      "a[href*='/checkout']",
      "a[href*='/winkelwagen']",
      "[aria-controls='cart']",
      "[class*='shopping-bag']",
      "[class*='shopping-cart']",
      "[class*='checkout']",
      "[class*='winkelwagen']"
    ],
    "icon": "Cart-generic.svg",
    "js": {
      "google_tag_params.ecomm_pagetype": ""
    },
    "scriptSrc": [
      "googlecommerce\\.com/trustedstores/api/js"
    ],
    "url": "/(?:cart|order|basket|trolley|bag|shoppingbag|checkout)",
    "website": "https://www.wappalyzer.com/technologies/ecommerce/cart-functionality"
  },
  "Cart.com": {
    "cats": [
      6
    ],
    "description": "Cart.com is an ecommerce platform built for high volume online stores and complex products with features such as multi-store management.",
    "dom": "p.AmeriCommerce-powered-by-link > a[href*='.americommerce.com/'][target='_blank']",
    "icon": "Cart.com.svg",
    "js": {
      "AC.storeDomain": ""
    },
    "pricing": [
      "mid",
      "recurring"
    ],
    "saas": true,
    "scriptSrc": "\\.americommerce\\.com/",
    "website": "https://www.americommerce.com"
  },
  "Cart.js": {
    "cats": [
      59
    ],
    "description": "Cart.js is a very small open-source Javascript library that makes the addition of powerful Ajax cart functionality to your Shopify theme a breeze.",
    "icon": "Cart.js.png",
    "implies": "Shopify",
    "oss": true,
    "scriptSrc": "(?:shopify-cartjs/([\\d\\.]+)|assets)/rivets-cart\\.min\\.js\\;version:\\1",
    "website": "https://cartjs.org"
  },
  "CartKit": {
    "cats": [
      32
    ],
    "description": "CartKit build apps from fuss-free multi-channel marketing automation and campaigns to social proof popups and user session recording.",
    "icon": "CartKit.svg",
    "pricing": [
      "freemium",
      "payg"
    ],
    "saas": true,
    "scriptSrc": "\\.cartkitcdn\\.com/",
    "website": "https://www.cartkit.com"
  },
  "CartStack": {
    "cats": [
      98
    ],
    "description": "CartStack is a SaaS solution that allows any company with an ecommerce site or reservation system to increase revenue through reminding/encouraging consumers to return to their abandoned cart and complete their purchase.",
    "icon": "CartStack.svg",
    "js": {
      "_cartstack": ""
    },
    "pricing": [
      "low",
      "recurring"
    ],
    "saas": true,
    "scriptSrc": "api\\.cartstack\\.\\w+",
    "website": "https://www.cartstack.com"
  },
  "Carts Guru": {
    "cats": [
      32,
      75
    ],
    "description": "Carts Guru is the all-in-one marketing automation tool for ecommerce stores.",
    "icon": "Carts Guru.png",
    "pricing": [
      "payg",
      "mid"
    ],
    "saas": true,
    "scriptSrc": "cdn\\.cartsguru\\.io/",
    "website": "https://www.carts.guru"
  },
  "Cashew Payments": {
    "cats": [
      91
    ],
    "description": "Cashew Payments is a buy now, pay later platform that allows its customers to shop now and pay later in equal monthly installments.",
    "headers": {
      "Content-Security-Policy": "\\.cashewpayments\\.com"
    },
    "icon": "Cashew Payments.svg",
    "pricing": [
      "payg"
    ],
    "requiresCategory": 6,
    "saas": true,
    "scriptSrc": "\\.cashewpayments\\.com/",
    "website": "https://www.cashewpayments.com"
  },
  "Catberry.js": {
    "cats": [
      12,
      18
    ],
    "headers": {
      "X-Powered-By": "Catberry"
    },
    "icon": "Catberry.js.png",
    "implies": "Node.js",
    "js": {
      "catberry": "",
      "catberry.version": "^(.+)$\\;version:\\1"
    },
    "website": "https://catberry.github.io/"
  },
  "Catch": {
    "cats": [
      41
    ],
    "description": "Catch is a payment solution which allows merchants to use payments via bank payments instead of credit/debit cards.",
    "icon": "Catch.svg",
    "js": {
      "Catch": ""
    },
    "website": "https://www.getcatch.com/"
  },
  "Catch Themes Catch Box": {
    "cats": [
      80
    ],
    "description": "Catch Box is a lightweight, box shaped, clean responsive WordPress theme by Catch Themes.",
    "dom": "link[href*='/wp-content/themes/catch-box/']",
    "icon": "Catch Themes.png",
    "pricing": [
      "freemium",
      "onetime"
    ],
    "requires": "WordPress",
    "scriptSrc": "/wp-content/themes/catch-box(?:-pro)?/",
    "website": "https://catchthemes.com/themes/catch-box"
  },
  "Catch Themes Fotografie": {
    "cats": [
      80
    ],
    "description": "Fotografie is a modern photography WordPress theme that comes with high-quality features and minimal design by Catch Themes.",
    "dom": "link[href*='/wp-content/themes/fotografie/']",
    "icon": "Catch Themes.png",
    "pricing": [
      "freemium",
      "onetime"
    ],
    "requires": "WordPress",
    "scriptSrc": "/wp-content/themes/fotografie(?:-pro)?/",
    "website": "https://catchthemes.com/themes/fotografie"
  },
  "Cecil": {
    "cats": [
      57
    ],
    "description": "Cecil is a CLI application, powered by PHP, that merge plain text files (written in Markdown), images and Twig templates to generate a static website.",
    "icon": "Cecil.svg",
    "meta": {
      "generator": "^Cecil(?: ([0-9.]+))?$\\;version:\\1"
    },
    "website": "https://cecil.app"
  },
  "Celeritas": {
    "cats": [
      99
    ],
    "description": "Celeritas offers transportation logistics services for package deliveries.",
    "icon": "Celeritas.svg",
    "requiresCategory": 6,
    "text": [
      "\\bCeleritas\\b"
    ],
    "website": "https://celeritastransporte.com"
  },
  "Celum": {
    "cats": [
      95
    ],
    "description": "Celum is a software developer that specialises in enterprise digital asset management and marketing content management systems.",
    "dom": "img[src*='/celum/'], img[src*='/celum_assets/']",
    "icon": "Celum.svg",
    "pricing": [
      "freemium",
      "low",
      "recurring"
    ],
    "saas": true,
    "website": "https://www.celum.com"
  },
  "Cendyn": {
    "cats": [
      1
    ],
    "description": "Cendyn (formerly NextGuest) is a hospitality focused content management system.",
    "headers": {
      "x-powered-by": "^NextGuest CMS"
    },
    "icon": "cendyn.png",
    "saas": true,
    "website": "https://www.cendyn.com"
  },
  "Censhare": {
    "cats": [
      95
    ],
    "description": "Censhare is a commercial digital experience platform in the form of an enterprise content management system.",
    "dom": "img[data-src*='CENSHARE'], img[src*='CENSHARE']",
    "icon": "Censhare.svg",
    "pricing": [
      "high",
      "recurring"
    ],
    "saas": true,
    "website": "https://www.censhare.com"
  },
  "CentOS": {
    "cats": [
      28
    ],
    "cpe": "cpe:2.3:o:centos:centos:*:*:*:*:*:*:*:*",
    "description": "CentOS is a Linux distribution that provides a free, community-supported computing platform functionally compatible with its upstream source, Red Hat Enterprise Linux (RHEL).",
    "headers": {
      "Server": "CentOS",
      "X-Powered-By": "CentOS"
    },
    "icon": "CentOS.png",
    "website": "http://centos.org"
  },
  "Centminmod": {
    "cats": [
      22
    ],
    "headers": {
      "X-Powered-By": "centminmod"
    },
    "icon": "centminmod.png",
    "implies": [
      "CentOS",
      "Nginx",
      "PHP"
    ],
    "website": "https://centminmod.com"
  },
  "Chabokan": {
    "cats": [
      62
    ],
    "description": "Chabokan is a cloud services provider, offering a wide range of incorporated cloud services including Cloud Object Storage, DBaaS, BaaS, and PaaS.",
    "headers": {
      "ch-powered-by": "Chabokan\\s\\(chabokan\\.net\\)"
    },
    "icon": "Chabokan.svg",
    "pricing": [
      "low",
      "payg"
    ],
    "website": "https://chabokan.net"
  },
  "Chakra UI": {
    "cats": [
      66
    ],
    "description": "Chakra UI is a simple, modular and accessible component library that gives you the building blocks you need to build your React applications.",
    "dom": "html[style*='chakra-ui-color-mode'], body.chakra-ui-dark, body.chakra-ui-light, div.chakra-portal",
    "icon": "Chakra UI.svg",
    "implies": "React",
    "oss": true,
    "scriptSrc": "\\.chakra-ui\\.",
    "website": "https://chakra-ui.com"
  },
  "Chameleon": {
    "cats": [
      58
    ],
    "description": "Chameleon is a sophisticated no-code platform for product success, empowering SaaS teams to build self-service user onboarding, feature adoption, and feedback collection.",
    "icon": "Chameleon.png",
    "js": {
      "chmln.Snippet.urls.fast": "fast\\.trychameleon\\.com",
      "chmlnData.organizationAttributes": ""
    },
    "pricing": [
      "mid",
      "recurring"
    ],
    "saas": true,
    "scriptSrc": "\\.trychameleon\\.com/",
    "website": "https://www.trychameleon.com"
  },
  "Chameleon system": {
    "cats": [
      1,
      6
    ],
    "description": "Chameleon system is an ecommerce and content management system all-in-one, capable of being integrated straight from the manufacturer.",
    "icon": "Chameleon system.png",
    "meta": {
      "generator": "Chameleon CMS/Shop System"
    },
    "pricing": [
      "poa"
    ],
    "saas": true,
    "website": "https://www.chameleon-system.de"
  },
  "Chamilo": {
    "cats": [
      21
    ],
    "cpe": "cpe:2.3:a:chamilo:chamilo_lms:*:*:*:*:*:*:*:*",
    "description": "Chamilo is an open-source learning management and collaboration system.",
    "dom": "link[href*='chamilo.org/']",
    "headers": {
      "X-Powered-By": "Chamilo ([\\d.]+)\\;version:\\1"
    },
    "icon": "Chamilo.png",
    "implies": "PHP",
    "meta": {
      "generator": "Chamilo ([\\d.]+)\\;version:\\1"
    },
    "website": "http://www.chamilo.org"
  },
  "ChannelAdvisor": {
    "cats": [
      10,
      32
    ],
    "description": "ChannelAdvisor is a provider of cloud-based solutions to ecommerce companies.",
    "dom": "link[href*='.channeladvisor.com']",
    "icon": "ChannelAdvisor.svg",
    "pricing": [
      "poa"
    ],
    "saas": true,
    "scriptSrc": "\\.channeladvisor\\.com/",
    "website": "https://www.channeladvisor.com"
  },
  "ChannelApe": {
    "cats": [
      6
    ],
    "description": "ChannelApe is an ecommerce and inventory management solution for the footwear and apparel industry.",
    "icon": "ChannelApe.svg",
    "pricing": [
      "mid",
      "recurring"
    ],
    "requiresCategory": 6,
    "saas": true,
    "website": "https://www.channelape.com",
    "xhr": "\\.channelape\\.com"
  },
  "Chaport": {
    "cats": [
      52
    ],
    "description": "Chaport is a multi-channel live chat and chatbot software for business.",
    "icon": "Chaport.png",
    "js": {
      "chaport": "",
      "chaportConfig": ""
    },
    "pricing": [
      "freemium",
      "low",
      "recurring"
    ],
    "saas": true,
    "scriptSrc": "\\.chaport\\.com",
    "website": "https://www.chaport.com"
  },
  "ChargeAfter": {
    "cats": [
      41,
      91
    ],
    "description": "ChargeAfter is a platform that connects retailers and lenders to offer consumers personalized Point of Sale Financing options at checkout from multiple lenders. ",
    "icon": "ChargeAfter.svg",
    "js": {
      "ChargeAfter": ""
    },
    "saas": true,
    "scriptSrc": "cdn\\.chargeafter\\.com",
    "website": "https://chargeafter.com/"
  },
  "Chargebee": {
    "cats": [
      41
    ],
    "description": "Chargebee is a PCI Level 1 certified recurring billing platform for SaaS and subscription-based businesses.",
    "icon": "Chargebee.svg",
    "js": {
      "Chargebee": "",
      "chargebeeTrackFunc": ""
    },
    "pricing": [
      "mid",
      "recurring"
    ],
    "saas": true,
    "scriptSrc": "js\\.chargebee\\.com/v([\\d.]+)\\;version:\\1",
    "website": "https://www.chargebee.com"
  },
  "Chart.js": {
    "cats": [
      25
    ],
    "description": "Chart.js is an open-source JavaScript library that allows you to draw different types of charts by using the HTML5 canvas element.",
    "icon": "Chart.js.svg",
    "js": {
      "Chart": "\\;confidence:50",
      "Chart.defaults.doughnut": "",
      "chart.ctx.bezierCurveTo": ""
    },
    "scriptSrc": [
      "/Chart(?:\\.bundle)?(?:\\.min)?\\.js\\;confidence:75",
      "chartjs\\.org/dist/([\\d.]+(?:-[^/]+)?|master|latest)/Chart.*\\.js\\;version:\\1",
      "cdnjs\\.cloudflare\\.com/ajax/libs/Chart\\.js/([\\d.]+(?:-[^/]+)?)/Chart.*\\.js\\;version:\\1",
      "cdn\\.jsdelivr\\.net/(?:npm|gh/chartjs)/chart\\.js@([\\d.]+(?:-[^/]+)?|latest)/dist/Chart.*\\.js\\;version:\\1"
    ],
    "website": "https://www.chartjs.org"
  },
  "Chartbeat": {
    "cats": [
      10
    ],
    "icon": "Chartbeat.png",
    "js": {
      "_sf_async_config": "",
      "_sf_endpt": ""
    },
    "scriptSrc": "chartbeat\\.js",
    "website": "http://chartbeat.com"
  },
  "ChatStack": {
    "cats": [
      52
    ],
    "description": "ChatStack is a self-hosted live chat software for websites.",
    "icon": "ChatStack.svg",
    "js": {
      "Chatstack.chatState": "",
      "Chatstack.server": ""
    },
    "pricing": [
      "onetime"
    ],
    "saas": true,
    "website": "https://www.chatstack.com"
  },
  "Chatango": {
    "cats": [
      5
    ],
    "description": "Chatango is a website used for connecting to a large selection of users.",
    "dom": "iframe[src*='st.chatango.com']",
    "icon": "Chatango.png",
    "pricing": [
      "freemium"
    ],
    "saas": true,
    "scriptSrc": "st\\.chatango\\.com",
    "website": "https://chatango.com"
  },
  "Chatra": {
    "cats": [
      52
    ],
    "description": "Chatra is a cloud-based live chat platform aimed at small businesses and ecommerce retailers.",
    "icon": "Chatra.svg",
    "js": {
      "ChatraID": "",
      "ChatraSetup": ""
    },
    "pricing": [
      "freemium",
      "payg",
      "recurring"
    ],
    "saas": true,
    "scriptSrc": "call\\.chatra\\.io/chatra\\.js",
    "website": "https://chatra.com",
    "xhr": "chat\\.chatra\\.io/"
  },
  "Chatwoot": {
    "cats": [
      52
    ],
    "description": "Chatwoot is a customer support tool for instant messaging channels.",
    "icon": "Chatwoot.svg",
    "js": {
      "$chatwoot": "",
      "chatwootSDK": ""
    },
    "pricing": [
      "freemium",
      "low",
      "recurring"
    ],
    "saas": true,
    "website": "https://www.chatwoot.com"
  },
  "Checkfront": {
    "cats": [
      5,
      6,
      72
    ],
    "description": "Checkfront is a cloud-based booking management application and ecommerce platform.",
    "icon": "Checkfront.svg",
    "pricing": [
      "low",
      "recurring",
      "poa"
    ],
    "saas": true,
    "scriptSrc": "\\.checkfront\\.com/",
    "website": "https://www.checkfront.com"
  },
  "Checkout.com": {
    "cats": [
      41
    ],
    "description": "Checkout.com is an international payment platform that processes different payment methods across a variety of currencies.",
    "icon": "Checkout.com.svg",
    "pricing": [
      "payg"
    ],
    "saas": true,
    "scriptSrc": "cdn\\.checkout\\.com/js/.+js(?:\\?ver=)?([\\d\\.]+)?\\;version:\\1",
    "website": "https://www.checkout.com"
  },
  "Chekkit": {
    "cats": [
      52
    ],
    "description": "Chekkit is an all-in-one review, messaging, and lead inbox software.",
    "icon": "Chekkit.png",
    "js": {
      "chekkitSettings.toggleChat": ""
    },
    "pricing": [
      "mid",
      "recurring"
    ],
    "saas": true,
    "website": "https://www.chekkit.io"
  },
  "Cherokee": {
    "cats": [
      22
    ],
    "cpe": "cpe:2.3:a:cherokee-project:cherokee:*:*:*:*:*:*:*:*",
    "headers": {
      "Server": "^Cherokee(?:/([\\d.]+))?\\;version:\\1"
    },
    "icon": "Cherokee.png",
    "website": "http://www.cherokee-project.com"
  },
  "CherryPy": {
    "cats": [
      22
    ],
    "description": "CherryPy is an object-oriented web application framework using the Python programming language.",
    "headers": {
      "Server": "CherryPy(?:/([\\d.]+))?\\;version:\\1"
    },
    "icon": "CherryPy.svg",
    "website": "https://cherrypy.org/"
  },
  "Chevereto": {
    "cats": [
      7,
      19
    ],
    "description": "Chevereto is an image hosting software that allows you to create a full-featured image hosting website on your own server.",
    "icon": "Chevereto.svg",
    "implies": "PHP",
    "js": {
      "CHEVERETO.version": "([\\d\\.]+)\\;version:\\1"
    },
    "meta": {
      "generator": "Chevereto\\s(?:[\\d\\.]+)"
    },
    "pricing": [
      "low",
      "onetime"
    ],
    "saas": true,
    "scriptSrc": "/chevereto\\.js",
    "website": "https://chevereto.com"
  },
  "Chili Piper": {
    "cats": [
      72
    ],
    "description": "Chili Piper is a suite of automated scheduling tools that help revenue teams convert leads.",
    "icon": "Chili Piper.svg",
    "js": {
      "ChiliPiper": ""
    },
    "pricing": [
      "low",
      "freemium"
    ],
    "saas": true,
    "scriptSrc": "js\\.chilipiper\\.com/marketing\\.js",
    "website": "https://www.chilipiper.com/"
  },
  "Chinese Menu Online": {
    "cats": [
      51,
      93
    ],
    "description": "Chinese Menu Online is an online food ordering service.",
    "dom": "li > a[href*='chinesemenuonline.com']",
    "icon": "Chinese Menu Online.png",
    "pricing": [
      "payg"
    ],
    "saas": true,
    "website": "https://www.chinesemenuonline.com"
  },
  "Chitika": {
    "cats": [
      36
    ],
    "icon": "Chitika.png",
    "js": {
      "ch_client": "",
      "ch_color_site_link": ""
    },
    "scriptSrc": "scripts\\.chitika\\.net/",
    "website": "http://chitika.com"
  },
  "Choices": {
    "cats": [
      59
    ],
    "description": "Choices.js is a lightweight, configurable select box/text input plugin.",
    "icon": "Choices.png",
    "oss": true,
    "scriptSrc": [
      "choices\\.js/|@([\\d.]+)(?:/assets)?(?:/scripts)?(?:/styles)?(?:/dist)?/choices(?:\\.min)?\\.js|css\\;version:\\1"
    ],
    "website": "https://github.com/Choices-js/Choices"
  },
  "Chord": {
    "cats": [
      52,
      103
    ],
    "description": "Chord is a video-enabled social community and communication platform completely customised to your brand.",
    "icon": "Chord.svg",
    "js": {
      "CHORDCONNECT": "",
      "ChordConnect.__esModule": ""
    },
    "pricing": [
      "freemium",
      "low",
      "recurring",
      "poa"
    ],
    "saas": true,
    "scriptSrc": "chord\\.us/embeddable/client-([\\d\\.]+)\\.min\\.js\\;version:\\1",
    "website": "https://m.chord.us"
  },
  "Chorus": {
    "cats": [
      1
    ],
    "cookies": {
      "_chorus_geoip_continent": "",
      "chorus_preferences": ""
    },
    "description": "Chorus is the only all-in-one publishing, audience, and revenue platform built for modern media companies.",
    "icon": "Chorus.svg",
    "js": {
      "Chorus.AddScript": "",
      "ChorusAds.beforeAdsRequested": "",
      "ChorusCampaigns.recordClickUrl": ""
    },
    "pricing": [
      "poa"
    ],
    "saas": true,
    "website": "https://getchorus.voxmedia.com"
  },
  "Chronofresh": {
    "cats": [
      99
    ],
    "description": "Chronofresh is an express transport service for food products.",
    "icon": "Chronopost.svg",
    "requiresCategory": 6,
    "text": [
      "\\bChronofresh\\b"
    ],
    "website": "https://www.chronofresh.fr"
  },
  "Chronopost": {
    "cats": [
      99
    ],
    "description": "Chronopost provides a domestic and international express shipping and delivery service.",
    "icon": "Chronopost.svg",
    "requiresCategory": 6,
    "text": [
      "\\bChronopost\\b"
    ],
    "website": "https://www.chronopost.fr"
  },
  "ChurnZero": {
    "cats": [
      97
    ],
    "description": "ChurnZero is a real-time customer success platform that helps subscription businesses fight customer churn.",
    "icon": "ChurnZero.png",
    "js": {
      "ChurnZero": "",
      "ChurnZero.version": "([\\d\\.]+)\\;version:\\1"
    },
    "pricing": [
      "poa"
    ],
    "saas": true,
    "website": "https://churnzero.net"
  },
  "CitrusPay": {
    "cats": [
      41
    ],
    "description": "CitrusPay provides payement gateway and wallet services.",
    "icon": "citruspay.png",
    "pricing": [
      "payg"
    ],
    "saas": true,
    "scriptSrc": "checkout-static\\.citruspay\\.com/",
    "website": "https://consumers.citruspay.com/"
  },
  "City Hive": {
    "cats": [
      6
    ],
    "description": "City Hive's all in one ecommerce platform for wine and spirit shops.",
    "icon": "City Hive.png",
    "js": {
      "cityHiveSites": "",
      "cityHiveWebsiteName": ""
    },
    "pricing": [
      "mid",
      "recurring"
    ],
    "saas": true,
    "website": "https://www.cityhive.net"
  },
  "CityMail": {
    "cats": [
      99
    ],
    "description": "CityMail is a private postal organisation operating in Sweden.",
    "icon": "CityMail.png",
    "requiresCategory": 6,
    "text": [
      "\\bCitymail\\b"
    ],
    "website": "https://www.citymail.se"
  },
  "Ckan": {
    "cats": [
      1
    ],
    "headers": {
      "Access-Control-Allow-Headers": "X-CKAN-API-KEY",
      "Link": "<http://ckan\\.org/>; rel=shortlink"
    },
    "icon": "Ckan.png",
    "implies": [
      "Python",
      "Solr",
      "Java",
      "PostgreSQL"
    ],
    "meta": {
      "generator": "^ckan ?([0-9.]+)$\\;version:\\1"
    },
    "oss": true,
    "website": "https://ckan.org/"
  },
  "Claris FileMaker": {
    "cats": [
      34
    ],
    "description": "Claris FileMaker is a cross-platform relational database application from Claris International.",
    "icon": "Claris.svg",
    "pricing": [
      "payg",
      "recurring"
    ],
    "requires": [
      "Vaadin",
      "Application Request Routing",
      "Java"
    ],
    "url": "\\.[\\w]+/fmi/webd/",
    "website": "https://www.claris.com/filemaker"
  },
  "Clarity": {
    "cats": [
      66
    ],
    "description": "Clarity is an open-source design system that brings together UX guidelines, an HTML/CSS framework, and Angular components.",
    "dom": "link[href*='clr-ui'], clr-main-container",
    "icon": "clarity.svg",
    "implies": "Angular",
    "js": {
      "ClarityIcons": ""
    },
    "oss": true,
    "scriptSrc": "clr-angular(?:\\.umd)?(?:\\.min)?\\.js",
    "website": "https://clarity.design"
  },
  "Classeh": {
    "cats": [
      21
    ],
    "description": "Classeh is a LMS that allows user to participate in webinars and also use LMS options like messanger,finances,homework,quiz and some extra options like sending messages and more.",
    "dom": "a[href*='apps.classeh.ir'][target='_blank']",
    "icon": "Classeh.svg",
    "implies": [
      "PHP",
      "React",
      "Python"
    ],
    "meta": {
      "author": "^fanavar\\.org$"
    },
    "pricing": [
      "recurring"
    ],
    "saas": true,
    "website": "https://fanavar.org"
  },
  "Classy": {
    "cats": [
      51
    ],
    "description": "Classy is a class library for JavaScript applications.",
    "icon": "classy.png",
    "js": {
      "Classy": ""
    },
    "website": "https://www.classy.org/"
  },
  "ClearSale": {
    "cats": [
      10
    ],
    "description": "ClearSale offers fraud management and chargeback protection services.",
    "icon": "ClearSale.svg",
    "js": {
      "csdm": "\\;confidence:50"
    },
    "scriptSrc": [
      "device\\.clearsale\\.com\\.br"
    ],
    "website": "https://www.clear.sale/"
  },
  "Clearbit Reveal": {
    "cats": [
      10
    ],
    "description": "Clearbit Reveal identifies anonymous visitors to websites.",
    "icon": "Clearbit.png",
    "scriptSrc": [
      "reveal\\.clearbit\\.com/v[(0-9)]/"
    ],
    "website": "https://clearbit.com/reveal"
  },
  "Clerk.io": {
    "cats": [
      76
    ],
    "description": "Clerk.io is an all-in-one ecommerce personalisation platform.",
    "icon": "Clerk.io.svg",
    "js": {
      "__clerk_cb_0": "",
      "__clerk_q": ""
    },
    "pricing": [
      "mid",
      "recurring"
    ],
    "saas": true,
    "scriptSrc": [
      "\\.clerk\\.io/"
    ],
    "website": "https://clerk.io"
  },
  "CleverTap": {
    "cats": [
      32,
      10
    ],
    "description": "CleverTap is a SaaS based customer lifecycle management and mobile marketing company headquartered in Mountain View, California.",
    "icon": "CleverTap.png",
    "js": {
      "clevertap": ""
    },
    "pricing": [
      "mid",
      "recurring"
    ],
    "saas": true,
    "website": "https://clevertap.com"
  },
  "Cleverbridge": {
    "cats": [
      6
    ],
    "description": "Cleverbridge is a all-in-one ecommerce and subscription billing solution for software, (SaaS) and digital goods.",
    "icon": "Cleverbridge.svg",
    "js": {
      "cbCartProductSelection": ""
    },
    "scriptSrc": [
      "static-cf\\.cleverbridge\\.\\w+/js/Shop\\.js"
    ],
    "website": "https://www.cleverbridge.com"
  },
  "ClickCease": {
    "cats": [
      16
    ],
    "description": "ClickCease is an ad fraud and click-fraud detection and protection service software.",
    "icon": "ClickCease.svg",
    "pricing": [
      "payg",
      "recurring"
    ],
    "saas": true,
    "scriptSrc": "\\.clickcease\\.com/monitor/",
    "website": "https://www.clickcease.com"
  },
  "ClickDimensions": {
    "cats": [
      32
    ],
    "description": "ClickDimensions is a SaaS marketing automation platform built on the Microsoft Windows Azure platform.",
    "icon": "ClickDimensions.png",
    "js": {
      "clickdimensions": ""
    },
    "pricing": [
      "mid",
      "recurring"
    ],
    "saas": true,
    "scriptSrc": "analytics\\.clickdimensions\\.com/",
    "website": "https://clickdimensions.com"
  },
  "ClickFunnels": {
    "cats": [
      32,
      51
    ],
    "description": "Clickfunnels is an online sales funnel builder that helps businesses market, sell, and deliver their products online.",
    "icon": "ClickFunnels.svg",
    "js": {
      "CFAppDomain": "app\\.clickfunnels\\.com",
      "CFSurveyParticipantID": ""
    },
    "meta": {
      "cf:app_domain:": "app\\.clickfunnels\\.com"
    },
    "pricing": [
      "mid",
      "recurring"
    ],
    "saas": true,
    "website": "https://www.clickfunnels.com"
  },
  "ClickHeat": {
    "cats": [
      10
    ],
    "icon": "ClickHeat.png",
    "implies": "PHP",
    "js": {
      "clickHeatServer": ""
    },
    "scriptSrc": "clickheat.*\\.js",
    "website": "http://www.labsmedia.com/clickheat/index.html"
  },
  "ClickTale": {
    "cats": [
      10
    ],
    "description": "ClickTale is a SaaS solution enabling organisations to gain visual in-page analytics.",
    "icon": "ClickTale.png",
    "js": {
      "ClickTale": "",
      "ClickTaleEvent": "",
      "ClickTaleGlobal": "",
      "clickTaleStartEventSignal": ""
    },
    "pricing": [
      "mid",
      "recurring"
    ],
    "saas": true,
    "scriptSrc": "\\.clicktale\\.net",
    "website": "http://www.clicktale.com"
  },
  "Clickbank": {
    "cats": [
      71
    ],
    "dom": "a[href*='pay.clickbank.net?cbfid'], img[width='1'][src*='hop.clickbank.net?affiliate']",
    "icon": "Clickbank.svg",
    "js": {
      "cbtb": ""
    },
    "scriptSrc": "r\\.wdfl\\.co",
    "website": "https://www.clickbank.com/"
  },
  "Clicky": {
    "cats": [
      10
    ],
    "description": "Clicky is web an analytics tool which helps you to get real-time analysis including spy view.",
    "icon": "Clicky.png",
    "js": {
      "clicky": ""
    },
    "pricing": [
      "freemium",
      "low",
      "recurring"
    ],
    "saas": true,
    "scriptSrc": "static\\.getclicky\\.com",
    "website": "http://getclicky.com"
  },
  "ClientJS": {
    "cats": [
      59,
      83
    ],
    "description": "ClientJS is a JavaScript library for generating browser fingerprints, exposing all the browser data-points.",
    "icon": "ClientJS.png",
    "js": {
      "ClientJS": ""
    },
    "oss": true,
    "scriptSrc": [
      "/clientjs@(\\d.*?)/\\;version:\\1",
      "/ClientJS/(?:(\\d.*?)/)?\\;version:\\1"
    ],
    "website": "http://clientjs.org"
  },
  "Clinch": {
    "cats": [
      76
    ],
    "description": "Clinch delivers hyper-personalized creative experiences and consumer intelligence across all channels.",
    "icon": "Clinch.png",
    "scriptSrc": "cdn\\.clinch\\.co",
    "website": "https://clinch.co/"
  },
  "Clipboard.js": {
    "cats": [
      59
    ],
    "icon": "Clipboard.js.svg",
    "scriptSrc": "clipboard(?:-([\\d.]+))?(?:\\.min)?\\.js\\;version:\\1",
    "website": "https://clipboardjs.com/"
  },
  "Clockwork": {
    "cats": [
      47
    ],
    "description": "Clockwork is a development tool for PHP available right in your browser.",
    "headers": {
      "x-clockwork-version": "^([\\d\\.]+)$\\;version:\\1"
    },
    "icon": "default.svg",
    "implies": "PHP",
    "oss": true,
    "website": "https://github.com/underground-works/clockwork-app"
  },
  "CloudCart": {
    "cats": [
      6
    ],
    "icon": "cloudcart.svg",
    "meta": {
      "author": "^CloudCart LLC$"
    },
    "scriptSrc": "/cloudcart-(?:assets|storage)/",
    "website": "http://cloudcart.com"
  },
  "CloudSuite": {
    "cats": [
      6
    ],
    "cookies": {
      "cs_secure_session": ""
    },
    "icon": "CloudSuite.svg",
    "website": "https://cloudsuite.com"
  },
  "Cloudbeds": {
    "cats": [
      72
    ],
    "description": "Cloudbeds is a cloud-based hotel management platform which includes tools for managing reservations, availability, rates, distribution channels, payments, guests, housekeeping, and more.",
    "dom": "a[href*='.cloudbeds.com/'][target='_blank']",
    "icon": "Cloudbeds.svg",
    "js": {
      "CloudBeds_widget": ""
    },
    "pricing": [
      "payg",
      "poa"
    ],
    "saas": true,
    "scriptSrc": "\\.cloudbeds\\.com/",
    "website": "https://www.cloudbeds.com"
  },
  "Cloudera": {
    "cats": [
      34
    ],
    "description": "Cloudera is a software platform for data engineering, data warehousing, machine learning and analytics that runs in the cloud or on-premises.",
    "headers": {
      "Server": "cloudera"
    },
    "icon": "Cloudera.png",
    "website": "http://www.cloudera.com"
  },
  "Cloudflare": {
    "cats": [
      31
    ],
    "cookies": {
      "__cfduid": ""
    },
    "description": "Cloudflare is a web-infrastructure and website-security company, providing content-delivery-network services, DDoS mitigation, Internet security, and distributed domain-name-server services.",
    "headers": {
      "Server": "^cloudflare$",
      "cf-cache-status": "",
      "cf-ray": ""
    },
    "icon": "CloudFlare.svg",
    "js": {
      "CloudFlare": ""
    },
    "website": "http://www.cloudflare.com"
  },
  "Cloudflare Bot Management": {
    "cats": [
      16
    ],
    "cookies": {
      "__cf_bm": ""
    },
    "description": "Cloudflare bot management solution identifies and mitigates automated traffic to protect websites from bad bots.",
    "icon": "CloudFlare.svg",
    "implies": "Cloudflare",
    "saas": true,
    "website": "https://www.cloudflare.com/en-gb/products/bot-management/"
  },
  "Cloudflare Browser Insights": {
    "cats": [
      10,
      78
    ],
    "description": "Cloudflare Browser Insights is a tool tool that measures the performance of websites from the perspective of users.",
    "icon": "CloudFlare.svg",
    "js": {
      "__cfBeaconCustomTag": ""
    },
    "scriptSrc": "static\\.cloudflareinsights\\.com/beacon(?:\\.min)?\\.js",
    "website": "http://www.cloudflare.com"
  },
  "Cloudflare Rocket Loader": {
    "cats": [
      92
    ],
    "description": "Cloudflare Rocket Loader is responsible for prioritising over website's content by delaying the loading of Javascript until rendering.",
    "icon": "CloudFlare.svg",
    "js": {
      "__cfQR.done": "",
      "__cfRLUnblockHandlers": ""
    },
    "website": "https://support.cloudflare.com/hc/en-us/articles/200168056-Understanding-Rocket-Loader"
  },
  "Cloudflare Turnstile": {
    "cats": [
      16
    ],
    "description": "Turnstile is Cloudflare's smart CAPTCHA alternative.",
    "icon": "CloudFlare.svg",
    "js": {
      "turnstile": ""
    },
    "pricing": [
      "freemium",
      "poa"
    ],
    "saas": true,
    "website": "https://www.cloudflare.com/products/turnstile"
  },
  "Cloudimage": {
    "cats": [
      31,
      95
    ],
    "description": "Cloudimage automates the transformation and optimisation of images on the fly and accelerates their distribution via the Content Delivery Network (CDN).",
    "dom": "img[src*='.cloudimg.io/'], link[href*='.cloudimg.io/'], amp-img[src*='.cloudimg.io/']",
    "icon": "Cloudimage.svg",
    "js": {
      "ciResponsive.config.domain": "cloudimg\\.io"
    },
    "pricing": [
      "freemium",
      "payg",
      "recurring"
    ],
    "saas": true,
    "website": "https://www.cloudimage.io"
  },
  "Cloudinary": {
    "cats": [
      31,
      95
    ],
    "description": "Cloudinary is an end-to-end image- and video-management solution for websites and mobile apps, covering everything from image and video uploads, storage, manipulations, optimisations to delivery.",
    "dom": "img[src*='.cloudinary.com/'], img[data-src*='.cloudinary.com/']",
    "headers": {
      "Content-Security-Policy": "player\\.cloudinary\\.com"
    },
    "icon": "Cloudinary.svg",
    "js": {
      "_cloudinary": ""
    },
    "pricing": [
      "freemium",
      "mid",
      "recurring",
      "poa"
    ],
    "website": "https://cloudinary.com"
  },
  "Cloudways": {
    "cats": [
      62
    ],
    "description": "Cloudways offers managed cloud-hosting services for WordPress sites on a cloud server where multiple copies of your content will be replicated throughout your chosen data center.",
    "headers": {
      "cache-provider": "CLOUDWAYS-CACHE-DE"
    },
    "icon": "Cloudways.png",
    "pricing": [
      "payg"
    ],
    "website": "https://www.cloudways.com"
  },
  "Cloverly": {
    "cats": [
      5
    ],
    "description": "Cloverly is an API integration for ethical ecommerce brands to help their customers offset the carbon footprint of their online transactions.",
    "icon": "Cloverly.svg",
    "js": {
      "removeCloverly": ""
    },
    "pricing": [
      "payg"
    ],
    "saas": true,
    "scriptSrc": "apps\\.cloverly\\.com/",
    "website": "https://www.cloverly.com"
  },
  "Cluep": {
    "cats": [
      36
    ],
    "description": "Cluep's artificially intelligent mobile ad platform targets people based on what they are sharing, how they are feeling and where they go in the physical world.",
    "icon": "Cluep.png",
    "scriptSrc": "cas\\.cluep\\.com",
    "website": "https://cluep.com/"
  },
  "ClustrMaps Widget": {
    "cats": [
      35
    ],
    "description": "ClustrMaps widget is a visitor tracker, designed for general web and blog use.",
    "dom": "img[src*='clustrmaps.com']",
    "icon": "ClustrMaps.svg",
    "scriptSrc": "clustrmaps\\.com",
    "website": "https://clustrmaps.com/"
  },
  "CoConstruct": {
    "cats": [
      19
    ],
    "dom": "a[href*='co-construct.com/skins'], iframe[src*='co-construct.com']",
    "icon": "CoConstruct.png",
    "pricing": [
      "mid",
      "recurring"
    ],
    "saas": true,
    "website": "https://www.coconstruct.com"
  },
  "CoRover": {
    "cats": [
      52
    ],
    "description": "CoRover is a conversational AI chatbot platform with proprietary cognitive AI technology.",
    "icon": "CoRover.png",
    "js": {
      "CoRover_tag": ""
    },
    "pricing": [
      "poa"
    ],
    "saas": true,
    "scriptSrc": "\\.corover\\.mobi/",
    "website": "https://corover.ai"
  },
  "Coaster CMS": {
    "cats": [
      1
    ],
    "cpe": "cpe:2.3:a:web-feet:coaster_cms:*:*:*:*:*:*:*:*",
    "icon": "coaster-cms.png",
    "implies": "Laravel",
    "meta": {
      "generator": "^Coaster CMS v([\\d.]+)$\\;version:\\1"
    },
    "website": "https://www.coastercms.org"
  },
  "Cococart": {
    "cats": [
      6
    ],
    "description": "Cococart is an ecommerce platform.",
    "dom": [
      "meta[property='og:image'][content*='static.cococart.co']",
      "div[style*='static.cococart.co']"
    ],
    "icon": "Cococart.png",
    "pricing": [
      "freemium",
      "recurring",
      "payg"
    ],
    "saas": true,
    "website": "https://www.cococart.co"
  },
  "CoconutSoftware": {
    "cats": [
      5,
      72
    ],
    "cookies": {
      "coconut_calendar": ""
    },
    "description": "Coconut is a cloud-based appointment scheduling solution designed for enterprise financial services organisations such as credit unions, retail banks and more.",
    "icon": "CoconutSoftware.svg",
    "website": "https://www.coconutsoftware.com/"
  },
  "Cocos2d": {
    "cats": [
      19
    ],
    "description": "Cocos2d is a mature open source cross-platform game development framework.",
    "icon": "Cocos2d.png",
    "js": {
      "CocosEngine": "([\\d\\.]{2,})\\;version:\\1"
    },
    "oss": true,
    "website": "https://www.cocos.com/en/cocos2dx"
  },
  "CodeIgniter": {
    "cats": [
      18
    ],
    "cookies": {
      "ci_csrf_token": "^(.+)$\\;version:\\1?2+:",
      "ci_session": "",
      "exp_last_activity": "",
      "exp_tracker": ""
    },
    "cpe": "cpe:2.3:a:codeigniter:codeigniter:*:*:*:*:*:*:*:*",
    "html": "<input[^>]+name=\"ci_csrf_token\"\\;version:2+",
    "icon": "CodeIgniter.png",
    "implies": "PHP",
    "website": "http://codeigniter.com"
  },
  "CodeMirror": {
    "cats": [
      19
    ],
    "description": "CodeMirror is a JavaScript component that provides a code editor in the browser.",
    "icon": "CodeMirror.png",
    "js": {
      "CodeMirror": "",
      "CodeMirror.version": "^(.+)$\\;version:\\1"
    },
    "website": "http://codemirror.net"
  },
  "CodeSandbox": {
    "cats": [
      5,
      20
    ],
    "description": "CodeSandbox is an online code editor and prototyping tool that makes creating and sharing web apps faster.",
    "dom": "iframe[src^='https://codesandbox.io/embed/']",
    "icon": "CodeSandbox.svg",
    "pricing": [
      "low",
      "freemium",
      "recurring"
    ],
    "saas": true,
    "website": "https://codesandbox.io/"
  },
  "Coin Currency Converter": {
    "cats": [
      100
    ],
    "description": "Coin Currency Converter is an automatic currency conversion app for Shopify.",
    "icon": "Coin Currency Converter.png",
    "implies": "Shopify",
    "pricing": [
      "low",
      "recurring"
    ],
    "saas": true,
    "scriptSrc": "/apps/coin/coin\\.js.+\\.myshopify\\.com",
    "website": "https://apps.shopify.com/coin"
  },
  "CoinHive": {
    "cats": [
      56
    ],
    "description": "Coinhive is a cryptocurrency mining service.",
    "icon": "CoinHive.svg",
    "js": {
      "CoinHive": ""
    },
    "scriptSrc": [
      "\\/(?:coinhive|(authedmine))(?:\\.min)?\\.js\\;version:\\1?opt-in:",
      "coinhive\\.com/lib"
    ],
    "url": "https?://cnhv\\.co/",
    "website": "https://coinhive.com"
  },
  "CoinHive Captcha": {
    "cats": [
      16,
      56
    ],
    "description": "Coinhive Captcha provides captcha service that is simple to integrate, where your users’ devices need to solve a number of hashes, adjustable by you, in order to login or post a comment to your site.",
    "dom": "div.coinhive-captcha",
    "icon": "CoinHive.svg",
    "scriptSrc": "https?://authedmine\\.com/(?:lib/captcha|captcha)",
    "website": "https://coinhive.com"
  },
  "Coinbase Commerce": {
    "cats": [
      41
    ],
    "description": "Coinbase Commerce is a platform that enables merchants to accept cryptocurrency payments.",
    "dom": "a[href^='https://commerce.coinbase.com/checkout/']",
    "icon": "Coinbase.svg",
    "website": "https://commerce.coinbase.com/"
  },
  "Coinhave": {
    "cats": [
      56
    ],
    "description": "CoinHave is a cryptocurrency mining service.",
    "icon": "coinhave.png",
    "scriptSrc": "https?://coin-have\\.com/c/[0-9a-zA-Z]{4}\\.js",
    "website": "https://coin-have.com/"
  },
  "Coinimp": {
    "cats": [
      56
    ],
    "description": "CoinImp is a cryptocurrency mining service.",
    "icon": "coinimp.png",
    "js": {
      "Client.Anonymous": "\\;confidence:50"
    },
    "scriptSrc": "https?://www\\.hashing\\.win/scripts/min\\.js",
    "website": "https://www.coinimp.com"
  },
  "Colibri WP": {
    "cats": [
      80,
      51
    ],
    "description": "Colibri WP is a drag-and-drop WordPress website builder.",
    "dom": "link[href*='/wp-content/plugins/colibri-page-builder']",
    "icon": "Colibri WP.png",
    "js": {
      "Colibri": "",
      "colibriData": "",
      "colibriFrontendData": ""
    },
    "pricing": [
      "freemium",
      "low",
      "recurring",
      "onetime"
    ],
    "requires": "WordPress",
    "scriptSrc": "/wp-content/plugins/colibri-page-builder.+\\.js(?:.+ver=([\\d\\.\\-\\w]+))?\\;version:\\1",
    "website": "https://colibriwp.com"
  },
  "Colis Privé": {
    "cats": [
      99
    ],
    "description": "Colis Privé is a private parcel delivery service provider specialised in last-mile delivery.",
    "icon": "Colis Prive.svg",
    "requiresCategory": 6,
    "text": [
      "\\bColis Priv[eé]\\b"
    ],
    "website": "https://www.colisprive.fr"
  },
  "Colissimo": {
    "cats": [
      99
    ],
    "description": "Colissimo is a 'drop off' parcel delivery service.",
    "icon": "DPD.svg",
    "requiresCategory": 6,
    "text": [
      "\\bColissimo\\b"
    ],
    "website": "https://www.colissimo.entreprise.laposte.fr"
  },
  "ColorMag": {
    "cats": [
      80
    ],
    "description": "ColorMag theme is for creating news, magazine, newspaper and other kinds of publishing sites. Compatible with Elementor.",
    "dom": {
      "body[class*='colormag-theme']": {
        "text": ""
      },
      "link[id*='colormag']": {
        "attributes": {
          "href": "themes/colormag\\S*\\.css(?:\\?ver=([0-9.]+))?\\;version:\\1"
        }
      }
    },
    "icon": "ThemeGrill.png",
    "requires": "WordPress",
    "scriptSrc": "themes/colormag.*\\.js(?:\\?ver=([0-9.]+))?\\;version:\\1",
    "website": "https://themegrill.com/themes/colormag/"
  },
  "ColorMeShop": {
    "cats": [
      6
    ],
    "description": "ColorMeShop is an ecommerce platform from Japan.",
    "icon": "colormeshop.png",
    "js": {
      "Colorme": ""
    },
    "website": "https://shop-pro.jp"
  },
  "Colorlib Activello": {
    "cats": [
      80
    ],
    "description": "Colorlib Activello is a clean, minimal multipurpose WordPress blog theme developer using the Bootstrap frontend framework making it fully responsive and mobile-friendly.",
    "dom": "link#activello-style-css",
    "icon": "Colorlib.png",
    "js": {
      "ActivelloIsMobile": ""
    },
    "pricing": [
      "freemium"
    ],
    "requires": "WordPress",
    "scriptSrc": "/wp-content/themes/activello/",
    "website": "https://colorlib.com/wp/themes/activello"
  },
  "Colorlib Illdy": {
    "cats": [
      80
    ],
    "description": "Colorlib Illdy is a stunning multipurpose WordPress theme built based on Bootstrap frontend framework making it fully responsive and mobile friendly.",
    "dom": "link#illdy-style-css",
    "icon": "Colorlib.png",
    "pricing": [
      "freemium"
    ],
    "requires": "WordPress",
    "scriptSrc": "/wp-content/themes/illdy/",
    "website": "https://colorlib.com/wp/themes/illdy"
  },
  "Colorlib Shapely": {
    "cats": [
      80
    ],
    "description": "Colorlib Shapely is considered as a powerful, clean and beautiful full-width free WordPress theme.",
    "dom": "link#shapely-style-css",
    "icon": "Colorlib.png",
    "js": {
      "ShapelyAdminObject": ""
    },
    "pricing": [
      "freemium"
    ],
    "requires": "WordPress",
    "scriptSrc": "/wp-content/themes/shapely/",
    "website": "https://colorlib.com/wp/themes/shapely"
  },
  "Colorlib Sparkling": {
    "cats": [
      80
    ],
    "description": "Colorlib Sparkling is a clean, modern, flat design WordPress theme developed using Bootstrap.",
    "dom": "link#sparkling-style-css",
    "icon": "Colorlib.png",
    "pricing": [
      "freemium"
    ],
    "requires": "WordPress",
    "scriptSrc": "/wp-content/themes/sparkling/",
    "website": "https://colorlib.com/wp/themes/sparkling"
  },
  "Colorlib Travelify": {
    "cats": [
      80
    ],
    "description": "Colorlib Travelify is a responsive, free, travel WordPress theme.",
    "dom": "link#travelify-style-css",
    "icon": "Colorlib.png",
    "js": {
      "travelify_slider_value": ""
    },
    "pricing": [
      "freemium"
    ],
    "requires": "WordPress",
    "scriptSrc": "/wp-content/themes/travelify/",
    "website": "https://colorlib.com/wp/themes/travelify"
  },
  "Combeenation": {
    "cats": [
      76
    ],
    "description": "Combeenation is a powerful cloud-based configurator platform.",
    "dom": "iframe[src*='portal.combeenation.com/']",
    "icon": "Combeenation.png",
    "pricing": [
      "poa"
    ],
    "saas": true,
    "website": "https://www.combeenation.com"
  },
  "Comm100": {
    "cats": [
      52
    ],
    "description": "Comm100 is a provider of customer service and communication products.",
    "icon": "Comm100.svg",
    "js": {
      "Comm100API": "",
      "comm100_chatButton": "",
      "comm100_livechat_open_link": ""
    },
    "pricing": [
      "recurring",
      "payg"
    ],
    "saas": true,
    "website": "https://www.comm100.com"
  },
  "Commanders Act TagCommander": {
    "cats": [
      42
    ],
    "description": "Commanders Act TagCommander is a European company providing a tag management product designed to handle website tags.",
    "icon": "Commanders Act.svg",
    "js": {
      "tc_vars": ""
    },
    "pricing": [
      "poa"
    ],
    "saas": true,
    "scriptSrc": "\\.tagcommander\\.com",
    "website": "https://www.commandersact.com/en/solutions/tagcommander/"
  },
  "Commanders Act TrustCommander": {
    "cats": [
      67
    ],
    "description": "Commanders Act TrustCommander is a consent management platform (CMP) which allows you to comply with the general data protection regulation (GDPR) regulation in terms of collecting consent.",
    "icon": "Commanders Act.svg",
    "pricing": [
      "poa"
    ],
    "saas": true,
    "scriptSrc": "\\.trustcommander\\.net/privacy/.+_v([\\d]+)_([\\d]+)\\.js\\;version:\\1.\\2",
    "website": "https://www.commandersact.com/en/solutions/trustcommander/"
  },
  "Commerce Server": {
    "cats": [
      6
    ],
    "cpe": "cpe:2.3:a:microsoft:commerce_server:*:*:*:*:*:*:*:*",
    "headers": {
      "COMMERCE-SERVER-SOFTWARE": ""
    },
    "icon": "Commerce Server.png",
    "implies": "Microsoft ASP.NET",
    "website": "http://commerceserver.net"
  },
  "Commerce.js": {
    "cats": [
      6
    ],
    "description": "Commerce.js is an API-first ecommerce platform for developers and businesses.",
    "headers": {
      "Chec-Version": ".*",
      "X-Powered-By": "Commerce.js"
    },
    "icon": "commercejs.png",
    "js": {
      "CommercejsSpace": ""
    },
    "scriptSrc": [
      "cdn\\.chec\\.io/v(\\d+)/commerce\\.js\\;version:\\1",
      "chec/commerce\\.js"
    ],
    "url": "\\.spaces.chec\\.io",
    "website": "https://www.commercejs.com"
  },
  "Commerce7": {
    "cats": [
      6
    ],
    "description": "Commerce7 is an ecommerce platform for wineries.",
    "icon": "Commerce7.svg",
    "pricing": [
      "mid",
      "recurring",
      "payg"
    ],
    "saas": true,
    "scriptSrc": "cdn\\.commerce7\\.com",
    "website": "https://commerce7.com",
    "xhr": "api\\.commerce7\\.com"
  },
  "Complianz": {
    "cats": [
      74,
      67,
      87
    ],
    "description": "Complianz is a GDPR/CCPA Cookie Consent plugin that supports GDPR, DSGVO, CCPA and PIPEDA with a conditional Cookie Notice and customized Cookie Policy based on the results of the built-in Cookie Scan.",
    "icon": "Complianz.png",
    "js": {
      "complianz.version": "([\\d.]+)\\;version:\\1"
    },
    "pricing": [
      "onetime"
    ],
    "requires": "WordPress",
    "saas": true,
    "scriptSrc": "wp-content/plugins/complianz-gdpr-premium",
    "website": "https://complianz.io"
  },
  "Concrete CMS": {
    "cats": [
      1
    ],
    "cookies": {
      "CONCRETE5": ""
    },
    "cpe": "cpe:2.3:a:concrete5:concrete5:*:*:*:*:*:*:*:*",
    "icon": "Concrete CMS.svg",
    "implies": "PHP",
    "js": {
      "CCM_IMAGE_PATH": "",
      "Concrete": ""
    },
    "meta": {
      "generator": "^concrete5(?: - ([\\d.]+)$)?\\;version:\\1"
    },
    "oss": true,
    "scriptSrc": "/concrete/js/",
    "website": "https://www.concretecms.com/"
  },
  "Conekta": {
    "cats": [
      41
    ],
    "description": "Conekta is a Mexican payment platform.",
    "icon": "Conekta.svg",
    "pricing": [
      "payg"
    ],
    "saas": true,
    "scriptSrc": [
      "conektaapi/v([\\d.]+)\\;version:\\1",
      "cdn\\.conekta\\.\\w+/js/(?:v([\\d.]+)|)\\;version:\\1"
    ],
    "website": "https://conekta.com"
  },
  "Confer With": {
    "cats": [
      103
    ],
    "description": "Confer With triggers live streaming video calls between shoppers and instore experts from a website, or outside a store.",
    "icon": "Confer With.svg",
    "pricing": [
      "poa"
    ],
    "requiresCategory": 6,
    "saas": true,
    "scriptSrc": "\\.conferwith\\.io/",
    "website": "https://conferwith.io"
  },
  "Conjured": {
    "cats": [
      100
    ],
    "description": "Conjured provides Shopify brands with Shopify apps and custom development.",
    "icon": "Conjured.png",
    "pricing": [
      "recurring",
      "mid"
    ],
    "saas": true,
    "scriptSrc": "app\\.conjured\\.co/",
    "website": "https://conjured.co"
  },
  "Connectif": {
    "cats": [
      76,
      32
    ],
    "description": "Connectif is a marketing automation and personalisation data-first action platform, powered by AI.",
    "icon": "Connectif.svg",
    "js": {
      "connectif.version": "^([\\d\\.]+)$\\;version:\\1",
      "connectifInfo.store": ""
    },
    "pricing": [
      "recurring",
      "payg"
    ],
    "saas": true,
    "scriptSrc": "cdn\\.connectif\\.cloud/",
    "website": "https://connectif.ai"
  },
  "Constant Contact": {
    "cats": [
      32,
      75
    ],
    "description": "Constant Contact is a marketing automation and email marketing solution.",
    "dom": "a[href*='.constantcontact.com/'][target='_blank']",
    "icon": "Constant Contact.svg",
    "js": {
      "_ctct_m": "",
      "ctctOnLoadCallback": ""
    },
    "pricing": [
      "low",
      "recurring"
    ],
    "saas": true,
    "scriptSrc": "\\.ctctcdn\\.com/",
    "website": "https://www.constantcontact.com"
  },
  "Contabo": {
    "cats": [
      88
    ],
    "description": "Contabo is a German hosting provider, previously known by the name Giga-International.",
    "dns": {
      "SOA": "\\.contabo\\.net"
    },
    "icon": "Contabo.svg",
    "pricing": [
      "recurring",
      "low"
    ],
    "website": "https://contabo.com"
  },
  "Contact Form 7": {
    "cats": [
      87
    ],
    "description": "Contact Form 7 is an WordPress plugin which can manage multiple contact forms. The form supports Ajax-powered submitting, CAPTCHA, Akismet spam filtering.",
    "dom": "link[href*='/wp-content/plugins/contact-form-7/']",
    "icon": "Contact Form 7.png",
    "js": {
      "wpcf7": ""
    },
    "pricing": [
      "freemium"
    ],
    "requires": "WordPress",
    "scriptSrc": "/wp-content/plugins/contact-form-7/.+\\.js(?:\\?ver=(\\d+(?:\\.\\d+)+))?\\;version:\\1",
    "website": "https://contactform7.com"
  },
  "Contao": {
    "cats": [
      1
    ],
    "cpe": "cpe:2.3:a:contao:contao_cms:*:*:*:*:*:*:*:*",
    "description": "Contao is an open source CMS that allows you to create websites and scalable web applications.",
    "dom": "link[href*='/typolight.css'], link[href*='/contao.css']",
    "icon": "Contao.svg",
    "implies": "PHP",
    "meta": {
      "generator": "^Contao Open Source CMS$"
    },
    "oss": true,
    "website": "http://contao.org"
  },
  "Contenido": {
    "cats": [
      1
    ],
    "cpe": "cpe:2.3:a:contenido:contendio:*:*:*:*:*:*:*:*",
    "icon": "Contenido.png",
    "implies": "PHP",
    "meta": {
      "generator": "Contenido ([\\d.]+)\\;version:\\1"
    },
    "website": "http://contenido.org/en"
  },
  "Contensis": {
    "cats": [
      1
    ],
    "icon": "Contensis.png",
    "implies": [
      "Java",
      "CFML"
    ],
    "meta": {
      "generator": "Contensis CMS Version ([\\d.]+)\\;version:\\1"
    },
    "website": "https://zengenti.com/en-gb/products/contensis"
  },
  "ContentBox": {
    "cats": [
      1,
      11
    ],
    "icon": "ContentBox.png",
    "implies": "Adobe ColdFusion",
    "meta": {
      "generator": "ContentBox powered by ColdBox"
    },
    "website": "http://www.gocontentbox.org"
  },
  "ContentStudio": {
    "cats": [
      96
    ],
    "description": "ContentStudio is an integrated cloud-based social media management and content marketing solution.",
    "dom": "link[href*='/wp-content/plugins/contentstudio']",
    "icon": "ContentStudio.png",
    "pricing": [
      "mid",
      "recurring"
    ],
    "saas": true,
    "website": "https://contentstudio.io"
  },
  "Contentful": {
    "cats": [
      1
    ],
    "description": "Contentful is an API-first content management platform to create, manage and publish content on any digital channel.",
    "headers": {
      "x-contentful-request-id": ""
    },
    "html": "<[^>]+(?:https?:)?//(?:assets|downloads|images|videos)\\.(?:ct?fassets\\.net|contentful\\.com)",
    "icon": "Contentful.svg",
    "pricing": [
      "mid",
      "freemium",
      "recurring"
    ],
    "saas": true,
    "website": "http://www.contentful.com",
    "xhr": "cdn\\.contentful\\.com"
  },
  "Contently": {
    "cats": [
      96
    ],
    "description": "Contently is a SaaS content marketing platform from the company of the same name headquartered in New York.",
    "icon": "Contently.png",
    "js": {
      "_contently.siteId": ""
    },
    "pricing": [
      "poa"
    ],
    "saas": true,
    "website": "https://contently.com"
  },
  "Contentsquare": {
    "cats": [
      10,
      74
    ],
    "description": "Contentsquare is an enterprise-level UX optimisation platform.",
    "icon": "Contentsquare.svg",
    "js": {
      "CS_CONF.trackerDomain": ""
    },
    "pricing": [
      "poa"
    ],
    "saas": true,
    "scriptSrc": "\\.contentsquare\\.net/",
    "website": "https://contentsquare.com"
  },
  "Contentstack": {
    "cats": [
      1
    ],
    "description": "Contentstack is a headless CMS software designed to help businesses deliver personalised content experiences to audiences via multiple channels.",
    "dom": "img[src*='images.contentstack.io']",
    "icon": "Contentstack.png",
    "pricing": [
      "high",
      "recurring"
    ],
    "saas": true,
    "website": "https://www.contentstack.com"
  },
  "Contlo": {
    "cats": [
      90,
      32
    ],
    "description": "Contlo is an AI powered marketing software.",
    "icon": "Contlo.png",
    "js": {
      "CONTLO_ENV": ""
    },
    "pricing": [
      "freemium",
      "high",
      "recurring"
    ],
    "saas": true,
    "scriptSrc": "\\.contlo\\.com/",
    "website": "https://www.contlo.com"
  },
  "Conversant Consent Tool": {
    "cats": [
      67
    ],
    "description": "Conversant Consent Tool is a free tool to gain GDPR and ePD compliant consent for digital advertising.",
    "icon": "Conversant.svg",
    "js": {
      "conversant": ""
    },
    "pricing": [
      "freemium"
    ],
    "saas": true,
    "scriptSrc": "cdn\\.conversant\\.mgr\\.consensu\\.org/",
    "website": "https://www.conversantmedia.eu/consent-tool"
  },
  "Convert": {
    "cats": [
      74
    ],
    "description": "Convert Experiences is an enterprise A/B testing and personalisation solution for conversion optimisation and data-driven decisions in high-traffic websites.",
    "icon": "Convert.png",
    "js": {
      "convert": "\\;confidence:34",
      "convertData": "\\;confidence:33",
      "convert_temp": "\\;confidence:33"
    },
    "pricing": [
      "high",
      "recurring"
    ],
    "saas": true,
    "scriptSrc": "\\.convertexperiments\\.com/js",
    "website": "https://www.convert.com"
  },
  "ConvertFlow": {
    "cats": [
      10,
      74
    ],
    "description": "ConvertFlow is the all-in-one conversion marketing platform.",
    "icon": "ConvertFlow.svg",
    "js": {
      "convertflow": ""
    },
    "pricing": [
      "low",
      "freemium",
      "recurring"
    ],
    "saas": true,
    "scriptSrc": "(?:app|js)\\.convertflow\\.co",
    "website": "https://www.convertflow.com"
  },
  "ConvertKit": {
    "cats": [
      32,
      75
    ],
    "description": "ConvertKit is an email marketing tool built for content creators.",
    "dom": "form[action*='.convertkit.com'], link[href*='.convertkit.com']",
    "icon": "ConvertKit.svg",
    "pricing": [
      "low",
      "freemium",
      "recurring"
    ],
    "saas": true,
    "scriptSrc": "\\.convertkit\\.com",
    "website": "https://convertkit.com"
  },
  "Convertcart": {
    "cats": [
      32
    ],
    "description": "ConvertCart helps online businesses deliver outstanding experiences to customers throughout their journey.",
    "icon": "Convertcart.svg",
    "saas": true,
    "scriptSrc": "cdn\\.convertcart\\.com",
    "website": "https://www.convertcart.com/"
  },
  "Convertr": {
    "cats": [
      6
    ],
    "description": "Convertr is a Brazilian ecommerce platform, fashion specialist.",
    "icon": "Convertr.svg",
    "implies": [
      "PHP",
      "MySQL",
      "Vue.js",
      "Nuxt.js",
      "Amazon Web Services"
    ],
    "meta": {
      "author": "^Convertr Commerce$"
    },
    "pricing": [
      "poa"
    ],
    "saas": true,
    "website": "https://convertr.com.br"
  },
  "Convertri": {
    "cats": [
      51
    ],
    "description": "Convertri is a sales funnel building solution.",
    "icon": "Convertri.svg",
    "js": {
      "CONVERTRI_CONSTANTS": "",
      "ConvertriAnalytics": "",
      "convertriParameters": ""
    },
    "pricing": [
      "low",
      "onetime",
      "recurring",
      "payg",
      "freemium"
    ],
    "saas": true,
    "scriptSrc": "cdn\\.convertri\\.com/",
    "website": "https://www.convertri.com"
  },
  "ConveyThis": {
    "cats": [
      89
    ],
    "description": "ConveyThis is a website translation service.",
    "icon": "ConveyThis.png",
    "pricing": [
      "low",
      "recurring"
    ],
    "saas": true,
    "scriptSrc": "cdn\\.conveythis\\.com",
    "website": "https://www.conveythis.com/"
  },
  "Cookie Information": {
    "cats": [
      67
    ],
    "description": "Cookie Information is a privacy tech company that develops software that helps making company websites and mobile apps GDPR and ePrivacy compliant.",
    "icon": "Cookie Information.svg",
    "js": {
      "CookieInformation.config.cdnUrl": ""
    },
    "pricing": [
      "low",
      "recurring"
    ],
    "saas": true,
    "website": "https://cookieinformation.com"
  },
  "Cookie Information plugin": {
    "cats": [
      87,
      67
    ],
    "description": "Cookie Information plugin helps your website stay compliant with GDPR using a free cookie pop-up, consent log, and more.",
    "icon": "Cookie Information.svg",
    "implies": "Cookie Information",
    "pricing": [
      "freemium",
      "low",
      "recurring"
    ],
    "requires": "WordPress",
    "scriptSrc": "/wp-content/plugins/wp-gdpr-compliance/",
    "website": "https://wordpress.org/plugins/wp-gdpr-compliance"
  },
  "Cookie Notice": {
    "cats": [
      67,
      87
    ],
    "description": "Cookie Notice provides a simple, customizable website banner that can be used to help your website comply with certain cookie consent requirements under the EU GDPR cookie law and CCPA regulations and includes seamless integration with Cookie Compliance to help your site comply with the latest updates to existing consent laws.",
    "icon": "Cookie Notice.png",
    "scriptSrc": "/wp-content/plugins/cookie-notice/.+\\.js(?:\\?ver=(\\d+(?:\\.\\d+)+))?\\;version:\\1",
    "website": "https://wordpress.org/plugins/cookie-notice"
  },
  "Cookie Script": {
    "cats": [
      67
    ],
    "description": "Cookie-Script automatically scans, categorizes and adds description to all cookies found on your website.",
    "icon": "CookieScript.svg",
    "pricing": [
      "freemium",
      "low",
      "recurring"
    ],
    "saas": true,
    "scriptSrc": "\\.cookie-script\\.com/",
    "website": "https://cookie-script.com"
  },
  "CookieFirst": {
    "cats": [
      67
    ],
    "description": "CookieFirst is an GDPR and CCPA compliant consent management platform.",
    "icon": "CookieFirst.png",
    "js": {
      "cookiefirst_show_settings": ""
    },
    "pricing": [
      "freemium",
      "low",
      "recurring"
    ],
    "saas": true,
    "scriptSrc": "consent\\.cookiefirst\\.com/",
    "website": "https://cookiefirst.com"
  },
  "CookieHub": {
    "cats": [
      67
    ],
    "icon": "CookieHub.png",
    "scriptSrc": [
      "cookiehub\\.net/.*\\.js"
    ],
    "website": "https://www.cookiehub.com"
  },
  "CookieYes": {
    "cats": [
      67
    ],
    "dom": {
      "#cookie-law-info-bar": {
        "text": ""
      },
      "link[href*='/wp-content/plugins/cookie-law-info/']": {
        "exists": ""
      }
    },
    "icon": "cookieyes.svg",
    "js": {
      "cookieYes": ""
    },
    "scriptSrc": [
      "app\\.cookieyes\\.com/client_data/",
      "cdn-cookieyes\\.com/client_data/",
      "/wp-content/plugins/cookie-law-info/.+\\.js(?:\\?ver=(\\d+(?:\\.\\d+)+))?\\;version:\\1"
    ],
    "website": "https://www.cookieyes.com/"
  },
  "Cookiebot": {
    "cats": [
      67
    ],
    "description": "Cookiebot is a cloud-driven solution that automatically controls cookies and trackers, enabling full GDPR/ePrivacy and CCPA compliance for websites.",
    "icon": "Cookiebot.svg",
    "scriptSrc": "consent\\.cookiebot\\.com",
    "website": "http://www.cookiebot.com"
  },
  "Cooladata": {
    "cats": [
      97
    ],
    "description": "Cooladata is a data warehouse and behavioral analytics platform designed for gaming, elearning, ecommerce, SaaS, and media companies.",
    "icon": "Cooladata.png",
    "js": {
      "cooladata": ""
    },
    "pricing": [
      "poa"
    ],
    "saas": true,
    "scriptSrc": "cdn\\.cooladata\\.com/",
    "website": "https://www.cooladata.com"
  },
  "Coppermine": {
    "cats": [
      7
    ],
    "cpe": "cpe:2.3:a:coppermine-gallery:coppermine_photo_gallery:*:*:*:*:*:*:*:*",
    "description": "Coppermine is an open-source image gallery application.",
    "html": "<!--Coppermine Photo Gallery ([\\d.]+)\\;version:\\1",
    "icon": "Coppermine.png",
    "implies": "PHP",
    "website": "http://coppermine-gallery.net"
  },
  "CopyPoison": {
    "cats": [
      19
    ],
    "description": "Copypoison is a plagarism protection tool that protects content by replacing text with symbols that are visually similar.",
    "icon": "Copypoison.png",
    "scriptSrc": "copypoison\\.com/cp\\.js",
    "website": "https://copypoison.com/"
  },
  "Corebine": {
    "cats": [
      1
    ],
    "description": "Corebine is a content management system designed for Sports",
    "dom": "#corebine-app",
    "icon": "Corebine.png",
    "js": {
      "corebine": ""
    },
    "pricing": [
      "poa"
    ],
    "website": "https://corebine.com"
  },
  "Correos": {
    "cats": [
      99
    ],
    "description": "Correos is a state-owned company responsible for providing postal service in Spain.",
    "icon": "Correos.svg",
    "requiresCategory": 6,
    "text": [
      "\\bCorreos\\b"
    ],
    "website": "https://www.correos.es"
  },
  "Correos Ecommerce": {
    "cats": [
      6
    ],
    "description": "Correos Ecommerce is an ecommerce platfrom from Spain.",
    "icon": "Correos.svg",
    "js": {
      "Comandia": ""
    },
    "pricing": [
      "poa"
    ],
    "saas": true,
    "scriptSrc": "\\.mycorreosecommerce\\.com/",
    "website": "https://www.correosecommerce.com"
  },
  "Cosmoshop": {
    "cats": [
      6
    ],
    "cpe": "cpe:2.3:a:cosmoshop:cosmoshop:*:*:*:*:*:*:*:*",
    "icon": "Cosmoshop.png",
    "scriptSrc": "cosmoshop_functions\\.js",
    "website": "http://cosmoshop.de"
  },
  "Cotonti": {
    "cats": [
      1
    ],
    "cpe": "cpe:2.3:a:cotonti:cotonti_siena:*:*:*:*:*:*:*:*",
    "icon": "Cotonti.png",
    "implies": "PHP",
    "meta": {
      "generator": "Cotonti"
    },
    "website": "http://www.cotonti.com"
  },
  "CouchDB": {
    "cats": [
      22
    ],
    "cpe": "cpe:2.3:a:apache:couchdb:*:*:*:*:*:*:*:*",
    "headers": {
      "Server": "CouchDB/([\\d.]+)\\;version:\\1"
    },
    "icon": "CouchDB.png",
    "website": "http://couchdb.apache.org"
  },
  "Countly": {
    "cats": [
      10
    ],
    "icon": "Countly.png",
    "js": {
      "Countly": ""
    },
    "website": "https://count.ly"
  },
  "Coureon": {
    "cats": [
      99
    ],
    "description": "Coureon is a digital logistics carrier for international shipping.",
    "icon": "Coureon.png",
    "requiresCategory": 6,
    "text": [
      "\\bCoureon\\b"
    ],
    "website": "https://www.coureon.com"
  },
  "Coveo": {
    "cats": [
      29,
      76
    ],
    "description": "Coveo designs enterprise search and predictive insights platforms for businesses.",
    "icon": "Coveo.png",
    "js": {
      "Coveo": ""
    },
    "scriptSrc": [
      "static\\.cloud\\.coveo\\.com"
    ],
    "website": "https://www.coveo.com/"
  },
  "CoverManager": {
    "cats": [
      93
    ],
    "description": "CoverManager is a restaurant table booking widget.",
    "dom": "iframe[src*='.covermanager.com/']",
    "icon": "CoverManager.svg",
    "pricing": [
      "poa"
    ],
    "saas": true,
    "scriptSrc": "\\.covermanager\\.com/",
    "website": "https://www.covermanager.com"
  },
  "Covet.pics": {
    "cats": [
      96,
      100
    ],
    "description": "Covet.pics is a customizable Shopify app for Instagram and Lookbook shoppable galleries.",
    "icon": "Covet.pics.svg",
    "pricing": [
      "low",
      "recurring"
    ],
    "saas": true,
    "scriptSrc": "\\.covet\\.pics/",
    "website": "https://covet.pics"
  },
  "Cowboy": {
    "cats": [
      22
    ],
    "headers": {
      "Server": "^Cowboy$"
    },
    "icon": "Cowboy.png",
    "website": "http://ninenines.eu"
  },
  "Cozy AntiTheft": {
    "cats": [
      100
    ],
    "description": "Cozy AntiTheft helps you to protect your store content, images and texts from being stolen with a few simple clicks.",
    "icon": "Cozy AntiTheft.png",
    "implies": "Shopify",
    "js": {
      "cozyEcoAdnsUa": ""
    },
    "pricing": [
      "freemium"
    ],
    "saas": true,
    "scriptSrc": "cdncozyantitheft\\.addons\\.business/",
    "website": "https://apps.shopify.com/cozy-antitheft-for-images-and-more"
  },
  "CppCMS": {
    "cats": [
      1
    ],
    "headers": {
      "X-Powered-By": "^CppCMS/([\\d.]+)$\\;version:\\1"
    },
    "icon": "CppCMS.png",
    "website": "http://cppcms.com"
  },
  "Craft CMS": {
    "cats": [
      1
    ],
    "cookies": {
      "CraftSessionId": ""
    },
    "cpe": "cpe:2.3:a:craftcms:craft_cms:*:*:*:*:*:*:*:*",
    "description": "Craft CMS is a content management system for building bespoke websites.",
    "headers": {
      "X-Powered-By": "\\bCraft CMS\\b"
    },
    "icon": "Craft CMS.svg",
    "implies": "Yii",
    "oss": true,
    "pricing": [
      "low",
      "freemium",
      "recurring",
      "onetime"
    ],
    "website": "https://craftcms.com/"
  },
  "Craft Commerce": {
    "cats": [
      6
    ],
    "headers": {
      "X-Powered-By": "\\bCraft Commerce\\b"
    },
    "icon": "Craft CMS.svg",
    "implies": "Craft CMS",
    "website": "https://craftcommerce.com"
  },
  "Cratejoy": {
    "cats": [
      1,
      6
    ],
    "cookies": {
      "cratejoy_muffin42": "",
      "statjoy_metrics": ""
    },
    "description": "Cratejoy is a brand new ecommerce platform with a focus on subscription payments.",
    "icon": "Cratejoy.png",
    "js": {
      "statjoyServer": "stats\\.cratejoy\\.com"
    },
    "pricing": [
      "low",
      "payg",
      "recurring"
    ],
    "saas": true,
    "website": "https://www.cratejoy.com"
  },
  "Crazy Egg": {
    "cats": [
      10
    ],
    "icon": "Crazy Egg.png",
    "js": {
      "CE2": ""
    },
    "scriptSrc": "script\\.crazyegg\\.com/pages/scripts/\\d+/\\d+\\.js",
    "website": "http://crazyegg.com"
  },
  "CreateJS": {
    "cats": [
      31
    ],
    "description": "CreateJS is a suite of modular libraries and tools which work together or independently to enable interactive content on open web technologies via HTML5.",
    "icon": "CreateJS.svg",
    "saas": true,
    "scriptSrc": "code\\.createjs\\.com/",
    "website": "https://code.createjs.com"
  },
  "Creativ.eMail": {
    "cats": [
      87,
      75
    ],
    "description": "Creativ.eMail is a email editor WordPress plugin which simplifies email marketing campaign creation and pulls your WordPress blog posts, website images and WooCommerce products right into your email content.",
    "icon": "Creativ.eMail.svg",
    "pricing": [
      "freemium",
      "low",
      "recurring"
    ],
    "requires": "WordPress",
    "scriptSrc": "/wp-content/plugins/creative-mail-by-constant-contact/",
    "website": "https://www.creativemail.com"
  },
  "Crisp Live Chat": {
    "cats": [
      52
    ],
    "description": "Crisp Live Chat is a live chat solution with free and paid options.",
    "icon": "Crisp Live Chat.svg",
    "js": {
      "$__CRISP_INCLUDED": "",
      "$crisp": "",
      "CRISP_WEBSITE_ID": ""
    },
    "pricing": [
      "freemium",
      "low",
      "recurring"
    ],
    "saas": true,
    "scriptSrc": "client\\.crisp\\.chat/",
    "website": "https://crisp.chat/"
  },
  "Criteo": {
    "cats": [
      36,
      77
    ],
    "description": "Criteo provides personalised retargeting that works with Internet retailers to serve personalised online display advertisements to consumers who have previously visited the advertiser's website.",
    "dom": "link[href*='.criteo.com']",
    "icon": "Criteo.svg",
    "js": {
      "Criteo": "",
      "criteo_pubtag": "",
      "criteo_q": ""
    },
    "pricing": [
      "poa"
    ],
    "saas": true,
    "scriptSrc": [
      "//(?:cas\\.criteo\\.com|(?:[^/]\\.)?criteo\\.net)/",
      "//static\\.criteo\\.net/js/ld/ld\\.js"
    ],
    "website": "http://criteo.com"
  },
  "Crobox": {
    "cats": [
      5
    ],
    "icon": "Crobox.svg",
    "js": {
      "crobox": ""
    },
    "scriptSrc": "cdn\\.crobox\\.com",
    "website": "https://crobox.com/"
  },
  "Cross Pixel": {
    "cats": [
      77
    ],
    "description": "Cross Pixel is an advertising platform through which advertisers can leverage the marriage of partner audience synergies with the power of retargeting.",
    "icon": "Cross Pixel.png",
    "js": {
      "cp_C4w1ldN2d9PmVrkN": ""
    },
    "scriptSrc": "tag\\.crsspxl\\.com",
    "website": "http://crosspixel.net"
  },
  "Cross Sell": {
    "cats": [
      76
    ],
    "description": "Cross Sell provide recommendations solution for Shopify based sites.",
    "icon": "CrossSell.png",
    "implies": [
      "Shopify",
      "Cart Functionality"
    ],
    "pricing": [
      "freemium",
      "low",
      "recurring"
    ],
    "saas": true,
    "scriptSrc": [
      "load\\.csell\\.co"
    ],
    "website": "https://csell.io/"
  },
  "CrossBox": {
    "cats": [
      30
    ],
    "description": "CrossBox is a webmail client.",
    "headers": {
      "server": "CBX-WS"
    },
    "icon": "CrossBox.png",
    "website": "https://crossbox.io"
  },
  "CrownPeak": {
    "cats": [
      19
    ],
    "description": "CrownPeak is a cloud-based Digital Experience Management (DEM) platform that is designed to in the management of digital experiences across multiple touch-points, especially for marketing and a freer IT architecture.",
    "icon": "CrownPeak.png",
    "js": {
      "CrownPeakAutocomplete": "",
      "CrownPeakSearch": ""
    },
    "pricing": [
      "poa"
    ],
    "saas": true,
    "scriptSrc": "js/crownpeak\\.",
    "website": "http://www.crownpeak.com"
  },
  "Cryout Creations Bravada": {
    "cats": [
      80
    ],
    "description": "Bravada is an unparalleled fullscreen WordPress theme created by Cryout Creations.",
    "dom": "link#bravada-style-css, img[src*='/wp-content/themes/bravada/']",
    "icon": "Cryout Creations.svg",
    "pricing": [
      "freemium",
      "low",
      "recurring"
    ],
    "requires": "WordPress",
    "scriptSrc": "/wp-content/themes/bravada(?:-plus)?/.+frontend\\.js(?:\\?ver=(\\d+(?:\\.\\d+)+))?\\;version:\\1",
    "website": "https://www.cryoutcreations.eu/wordpress-themes/bravada"
  },
  "Cryout Creations Fluida": {
    "cats": [
      80
    ],
    "description": "Fluida is a modern, crystal clear and squeaky clean WordPress theme by Cryout Creations.",
    "dom": "link#fluida-themefonts-css",
    "icon": "Cryout Creations.svg",
    "pricing": [
      "freemium",
      "low",
      "recurring"
    ],
    "requires": "WordPress",
    "scriptSrc": "/wp-content/themes/fluida(?:-plus)?/.+frontend\\.js(?:\\?ver=(\\d+(?:\\.\\d+)+))?\\;version:\\1",
    "website": "https://www.cryoutcreations.eu/wordpress-themes/fluida"
  },
  "Cryout Creations Mantra": {
    "cats": [
      80
    ],
    "description": "Mantra is a do-it-yourself WordPress theme, featuring a pack of over 100 customization option created by Cryout Creations.",
    "dom": "link#mantra-style-css, img[src*='/wp-content/themes/mantra/']",
    "icon": "Cryout Creations.svg",
    "js": {
      "mantra_mobilemenu_init": "",
      "mantra_onload": "",
      "mantra_options": ""
    },
    "pricing": [
      "freemium",
      "low",
      "recurring"
    ],
    "requires": "WordPress",
    "scriptSrc": "/wp-content/themes/mantra(?:-plus)?/.+frontend\\.js(?:\\?ver=(\\d+(?:\\.\\d+)+))?\\;version:\\1",
    "website": "https://www.cryoutcreations.eu/wordpress-themes/mantra"
  },
  "Cryout Creations Parabola": {
    "cats": [
      80
    ],
    "description": "Parabola is an fully responsive, clean and elegant design WordPress theme created by Cryout Creations.",
    "dom": "link#parabola-style-css, img[src*='/wp-content/themes/parabola/']",
    "icon": "Cryout Creations.svg",
    "js": {
      "parabola_mobilemenu_init": "",
      "parabola_settings": ""
    },
    "pricing": [
      "freemium"
    ],
    "requires": "WordPress",
    "scriptSrc": "/wp-content/themes/parabola/.+frontend\\.js(?:\\?ver=(\\d+(?:\\.\\d+)+))?\\;version:\\1",
    "website": "https://www.cryoutcreations.eu/wordpress-themes/parabola"
  },
  "Crypto-Loot": {
    "cats": [
      56
    ],
    "description": "Crypto-Loot is a browser based web miner for the uPlexa Blockchain.",
    "icon": "Crypto-Loot.png",
    "js": {
      "CRLT.CONFIG.ASMJS_NAME": "",
      "CryptoLoot": ""
    },
    "scriptSrc": [
      "^/crypto-loot\\.com/lib/",
      "^/webmine\\.pro/",
      "^/cryptoloot\\.pro/",
      "/crlt\\.js\\;confidence:75"
    ],
    "website": "https://crypto-loot.com/"
  },
  "CubeCart": {
    "cats": [
      6
    ],
    "cpe": "cpe:2.3:a:cubecart:cubecart:*:*:*:*:*:*:*:*",
    "description": "CubeCart is a free ecommerce platform that businesses can use to build, manage, and market their online stores.",
    "dom": "a[href*='.cubecart.com'][target='_blank']",
    "icon": "CubeCart.png",
    "implies": "PHP",
    "meta": {
      "generator": "cubecart"
    },
    "oss": true,
    "website": "http://www.cubecart.com"
  },
  "Cubyn": {
    "cats": [
      99
    ],
    "description": "Cubyn is B2B logistics company headquartered in France.",
    "icon": "Cubyn.svg",
    "requiresCategory": 6,
    "text": [
      "\\bCubyn\\b"
    ],
    "website": "https://www.cubyn.com"
  },
  "Cufon": {
    "cats": [
      17
    ],
    "description": "Cufon is a tool used to overlap real text with an image.",
    "icon": "Cufon.png",
    "js": {
      "Cufon": ""
    },
    "scriptSrc": "cufon-yui\\.js",
    "website": "http://cufon.shoqolate.com"
  },
  "Custom Fonts": {
    "cats": [
      87,
      17
    ],
    "description": "Custom Fonts plugin helps you easily embed custom fonts files (woff2, woff, ttf, svg, eot, otf) easily in your WordPress website.",
    "icon": "Custom Fonts.png",
    "oss": true,
    "requires": "WordPress",
    "scriptSrc": "/wp-content/plugins/custom-fonts/",
    "website": "https://github.com/brainstormforce/custom-fonts"
  },
  "Customer.io": {
    "cats": [
      32
    ],
    "description": "Customer.io is an automated messaging platform for marketers.",
    "icon": "Customer.io.png",
    "pricing": [
      "recurring",
      "mid"
    ],
    "saas": true,
    "scriptSrc": "assets\\.customer\\.io",
    "website": "https://customer.io/"
  },
  "Customily": {
    "cats": [
      76
    ],
    "description": "Customily is an online product personalisation software.",
    "icon": "Customily.png",
    "js": {
      "customily.sticky": ""
    },
    "pricing": [
      "low",
      "recurring"
    ],
    "saas": true,
    "scriptSrc": "(?:cdn|app)\\.customily\\.com/",
    "website": "https://www.customily.com"
  },
  "Cxense": {
    "cats": [
      76,
      86
    ],
    "description": "Cxense was an AI-powered data management and intelligent personalisation platform.",
    "icon": "Cxense.png",
    "meta": {
      "cXenseParse:itm-meta-keywords": "",
      "cXenseParse:pageclass": "",
      "cXenseParse:publishtime": "",
      "cXenseParse:url": ""
    },
    "pricing": [
      "low",
      "recurring"
    ],
    "saas": true,
    "scriptSrc": "\\.cxense\\.com/",
    "website": "https://www.cxense.com"
  },
  "CyberChimps Responsive": {
    "cats": [
      80
    ],
    "description": "CyberChimps Responsive is a modern, lightweight, fully customizable, fast and responsive WordPress theme.",
    "dom": "link[href*='/wp-content/themes/responsive/'], link[href*='/wp-content/themes/responsivepro/']",
    "icon": "CyberChimps.png",
    "pricing": [
      "freemium",
      "low",
      "recurring"
    ],
    "requires": "WordPress",
    "scriptSrc": "/wp-content/themes/responsive(?:pro)?/",
    "website": "https://cyberchimps.com/responsive"
  },
  "Cybersource": {
    "cats": [
      41
    ],
    "description": "Cybersource is an ecommerce credit card payment system solution.",
    "icon": "cybersource.png",
    "scriptSrc": "cybersource\\..+\\.js",
    "website": "https://www.cybersource.com/"
  },
  "Czater": {
    "cats": [
      52
    ],
    "description": "Czater is an live chat solution with extended CRM and videochat features.",
    "icon": "Czater.svg",
    "js": {
      "$czater": "",
      "$czaterMethods": ""
    },
    "pricing": [
      "low",
      "recurring"
    ],
    "saas": true,
    "scriptSrc": "\\.czater\\.pl",
    "website": "https://www.czater.pl"
  },
  "cPanel": {
    "cats": [
      9
    ],
    "cookies": {
      "cprelogin": "",
      "cpsession": ""
    },
    "cpe": "cpe:2.3:a:cpanel:cpanel:*:*:*:*:*:*:*:*",
    "description": "cPanel is a web hosting control panel. The software provides a graphical interface and automation tools designed to simplify the process of hosting a website.",
    "headers": {
      "Server": "cpsrvd/([\\d.]+)\\;version:\\1"
    },
    "html": "<!-- cPanel",
    "icon": "cPanel.png",
    "website": "http://www.cpanel.net"
  },
  "cState": {
    "cats": [
      13
    ],
    "description": "cState is an open-source static (serverless) status page.",
    "icon": "cState.svg",
    "meta": {
      "generator": "cState v([\\d\\.]+)\\;version:\\1"
    },
    "oss": true,
    "website": "https://github.com/cstate/cstate"
  },
  "cdnjs": {
    "cats": [
      31
    ],
    "description": "cdnjs is a free distributed JS library delivery service.",
    "dom": "link[href*='cdnjs.cloudflare.com/']",
    "icon": "cdnjs.svg",
    "implies": "Cloudflare",
    "oss": true,
    "scriptSrc": "cdnjs\\.cloudflare\\.com",
    "website": "https://cdnjs.com"
  },
  "cgit": {
    "cats": [
      19
    ],
    "description": "cgit is a web interface (cgi) for Git repositories, written in C. licensed under GPLv2.",
    "icon": "cgit.png",
    "implies": [
      "git",
      "C"
    ],
    "meta": {
      "generator": "^cgit v([\\d.a-z-]+)$\\;version:\\1"
    },
    "oss": true,
    "website": "http://git.zx2c4.com/cgit"
  },
  "clickio": {
    "cats": [
      67
    ],
    "description": "Clickio Consent Tool collects and communicates consent both to IAB Framework vendors and to Google Ads products.",
    "icon": "clickio.png",
    "scriptSrc": "clickio\\.mgr\\.consensu\\.org/t/consent_[0-9]+\\.js",
    "website": "http://www.gdpr.clickio.com/"
  },
  "comScore": {
    "cats": [
      10
    ],
    "description": "comScore is an American media measurement and analytics company providing marketing data and analytics to enterprises; media and advertising agencies; and publishers.",
    "dom": "iframe[src*='.scorecardresearch.com/beacon'], iframe#comscore, iframe[src*='COMSCORE.beacon']",
    "icon": "comScore.svg",
    "js": {
      "COMSCORE": "",
      "_COMSCORE": ""
    },
    "pricing": [
      "freemium",
      "mid",
      "recurring"
    ],
    "saas": true,
    "scriptSrc": "\\.scorecardresearch\\.com/beacon\\.js|COMSCORE\\.beacon",
    "website": "http://comscore.com"
  },
  "commercelayer": {
    "cats": [
      6
    ],
    "icon": "commercelayer.svg",
    "pricing": [
      "mid",
      "recurring"
    ],
    "saas": true,
    "website": "https://commercelayer.io",
    "xhr": "\\.commercelayer\\.io"
  },
  "commercetools": {
    "cats": [
      6
    ],
    "description": "commercetools is a headless commerce platform.",
    "dom": "link[href*='.commercetools.com/'], body[data-commerce-tools-host*='.commercetools.com']",
    "icon": "commercetools.svg",
    "pricing": [
      "poa",
      "recurring"
    ],
    "saas": true,
    "website": "https://commercetools.com"
  },
  "core-js": {
    "cats": [
      59
    ],
    "description": "core-js is a modular standard library for JavaScript, with polyfills for cutting-edge ECMAScript features.",
    "icon": "core-js.png",
    "js": {
      "__core-js_shared__": "",
      "__core-js_shared__.versions.0.version": "^(.+)$\\;version:\\1",
      "_babelPolyfill": "",
      "core": "",
      "core.version": "^(.+)$\\;version:\\1"
    },
    "oss": true,
    "website": "https://github.com/zloirock/core-js"
  },
  "crypto-js": {
    "cats": [
      59
    ],
    "description": "crypto-js is a JavaScript library of crypto standards.",
    "icon": "default.svg",
    "js": {
      "CryptoJS.Rabbit": "",
      "CryptoJS.algo": ""
    },
    "oss": true,
    "scriptSrc": "(?:/([\\d\\.-]+))?/crypto-js(?:\\.min)?\\.js\\;version:\\1",
    "website": "https://github.com/brix/crypto-js"
  }
}