{
  "F5 BigIP": {
    "cats": [
      64
    ],
    "cookies": {
      "F5_HT_shrinked": "",
      "F5_ST": "",
      "F5_fullWT": "",
      "LastMRH_Session": "",
      "MRHSHint": "",
      "MRHSequence": "",
      "MRHSession": "",
      "TIN": ""
    },
    "cpe": "cpe:2.3:a:f5:big-ip:*:*:*:*:*:*:*:*",
    "description": "F5's BIG-IP is a family of products covering software and hardware designed around application availability, access control, and security solutions.",
    "headers": {
      "server": "^big-?ip$"
    },
    "icon": "F5.png",
    "website": "https://www.f5.com/products/big-ip-services"
  },
  "FARFETCH Black & White": {
    "cats": [
      6
    ],
    "description": "Farfetch Platform Solutions is a full service platform and agency providing end-to-end, multichannel e-commerce solutions for luxury fashion brands under the name Farfetch Black & White.",
    "icon": "Farfetch.png",
    "pricing": [
      "poa"
    ],
    "saas": true,
    "scriptSrc": [
      "cdn-static\\.farfetch-contents.com\\.js"
    ],
    "website": "https://www.farfetchplatformsolutions.com/"
  },
  "FAST ESP": {
    "cats": [
      29
    ],
    "description": "FAST ESP is a service-oriented architecture development platform which is geared towards production searchable indexes. It provided a flexible framework for creating ETL applications for efficient indexing of searchable content.",
    "html": "<form[^>]+id=\"fastsearch\"",
    "icon": "FAST ESP.png",
    "website": "http://microsoft.com/enterprisesearch"
  },
  "FAST Search for SharePoint": {
    "cats": [
      29
    ],
    "description": "FAST Search for SharePoint is the search engine for Microsoft's SharePoint collaboration platform. Its purpose is helping SharePoint users locate and retrieve stored enterprise content.",
    "html": "<input[^>]+ name=\"ParametricSearch",
    "icon": "FAST Search for SharePoint.png",
    "implies": [
      "Microsoft SharePoint",
      "Microsoft ASP.NET"
    ],
    "url": "Pages/SearchResults\\.aspx\\?k=",
    "website": "http://sharepoint.microsoft.com/en-us/product/capabilities/search/Pages/Fast-Search.aspx"
  },
  "FUDforum": {
    "cats": [
      2
    ],
    "cpe": "cpe:2.3:a:fudforum:fudforum:*:*:*:*:*:*:*:*",
    "description": "FUDforum is a discussion forum software with support for posts, topics, polls and attachments.",
    "icon": "default.svg",
    "implies": [
      "Perl",
      "PHP"
    ],
    "js": {
      "fud_msg_focus": "",
      "fud_tree_msg_focus": ""
    },
    "oss": true,
    "website": "https://github.com/fudforum/FUDforum"
  },
  "Fabric": {
    "cats": [
      6
    ],
    "description": "Fabric is a headless commerce platform helping direct-to-consumer and B2B brands utilize an ecommerce platform designed for their needs.",
    "dom": "img[data-src*='fabric.imgix.net/']",
    "icon": "Fabric.svg",
    "meta": {
      "powered-by": "FabricInc"
    },
    "pricing": [
      "poa"
    ],
    "saas": true,
    "website": "https://fabric.inc"
  },
  "Facebook Ads": {
    "cats": [
      36
    ],
    "description": "Facebook Ads is an online advertising platform developed by Facebook.",
    "icon": "Facebook.svg",
    "pricing": [
      "payg"
    ],
    "saas": true,
    "website": "https://www.facebook.com/business/ads"
  },
  "Facebook Chat Plugin": {
    "cats": [
      52
    ],
    "description": "Facebook Chat Plugin is a website plugin that businesses with a Facebook Page can install on their website.",
    "dom": {
      "iframe[src*='.facebook.com/']": {
        "attributes": {
          "src": "\\.facebook\\.com/v([\\d\\.]+)/plugins/customerchat\\;version:\\1"
        }
      }
    },
    "icon": "Facebook.svg",
    "js": {
      "facebookChatSettings": ""
    },
    "scriptSrc": "connect\\.facebook\\.net/.+\\.customerchat\\.js",
    "website": "https://developers.facebook.com/docs/messenger-platform/discovery/facebook-chat-plugin/"
  },
  "Facebook Login": {
    "cats": [
      69
    ],
    "description": "Facebook Login is a way for people to create accounts and log into your app across multiple platforms.",
    "icon": "Facebook.svg",
    "js": {
      "FB.getLoginStatus": ""
    },
    "website": "https://developers.facebook.com/docs/facebook-login/"
  },
  "Facebook Pay": {
    "cats": [
      41
    ],
    "description": "Facebook pay is a payment solution which can be used on any site or app outside Facebook ecosystem.",
    "dom": [
      "[aria-labelledby='pi-facebook_pay']"
    ],
    "icon": "Facebook.svg",
    "website": "https://pay.facebook.com/"
  },
  "Facebook Pixel": {
    "cats": [
      10
    ],
    "description": "Facebook pixel is an analytics tool that allows you to measure the effectiveness of your advertising.",
    "dom": "img[src*='facebook.com/tr']",
    "icon": "Facebook.svg",
    "js": {
      "_fbq": ""
    },
    "scriptSrc": [
      "connect\\.facebook.\\w+/signals/config/\\d+\\?v=([\\d\\.]+)\\;version:\\1",
      "connect\\.facebook\\.\\w+/.+/fbevents\\.js"
    ],
    "website": "http://facebook.com"
  },
  "Facil-iti": {
    "cats": [
      68
    ],
    "description": "Facil-iti is a web accessibility overlay which provides support for some people with disabilities and seniors.",
    "icon": "Facil-iti.svg",
    "scriptSrc": "ws\\.facil-iti\\.com/tag/faciliti-tag\\.min\\.js",
    "website": "https://www.facil-iti.com/"
  },
  "Fact Finder": {
    "cats": [
      29
    ],
    "description": "Fact Finder is a platform which, combines search, navigation, and merchandising solutions to streamline online search and power sales.",
    "html": "<!-- Factfinder",
    "icon": "Fact Finder.png",
    "scriptSrc": "Suggest\\.ff",
    "url": "(?:/ViewParametricSearch|ffsuggest\\.[a-z]htm)",
    "website": "http://fact-finder.com"
  },
  "FalguniThemes Nisarg": {
    "cats": [
      80
    ],
    "description": "FalguniThemes Nisarg is a new fully responsive and translation ready WordPress theme.",
    "icon": "FalguniThemes.png",
    "js": {
      "nisargpro_script_vars": ""
    },
    "pricing": [
      "freemium",
      "onetime"
    ],
    "requires": "WordPress",
    "scriptSrc": "/wp-content/themes/nisarg(?:pro)?/",
    "website": "https://www.falgunithemes.com/downloads/nisarg"
  },
  "FameThemes OnePress": {
    "cats": [
      80
    ],
    "description": "FameThemes OnePress is a free portfolio one page WordPress theme suited for an individual or digital agency.",
    "icon": "FameThemes.svg",
    "js": {
      "OnePress_Plus": "",
      "onepressIsMobile": "",
      "onepress_js_settings": ""
    },
    "pricing": [
      "freemium"
    ],
    "requires": "WordPress",
    "website": "https://www.famethemes.com/themes/onepress"
  },
  "FameThemes Screenr": {
    "cats": [
      80
    ],
    "description": "FameThemes Screenr is a fullscreen parallax WordPress theme suited for business, portfolio, digital agency, freelancers.",
    "icon": "FameThemes.svg",
    "js": {
      "Screenr.autoplay": "",
      "Screenr_Plus": ""
    },
    "requires": "WordPress",
    "website": "https://www.famethemes.com/themes/screenr"
  },
  "FancyBox": {
    "cats": [
      59
    ],
    "description": "FancyBox is a tool for displaying images, html content and multi-media in a Mac-style 'lightbox' that floats overtop of web page.",
    "icon": "FancyBox.png",
    "implies": "jQuery",
    "js": {
      "$.fancybox.version": "^(.+)$\\;version:\\1",
      "Fancybox.version": "^(.+)$\\;version:\\1",
      "jQuery.fancybox.version": "^(.+)$\\;version:\\1"
    },
    "scriptSrc": "jquery\\.fancybox(?:\\.pack|\\.min)?\\.js(?:\\?v=([\\d.]+))?$\\;version:\\1",
    "website": "http://fancyapps.com/fancybox"
  },
  "Fanplayr": {
    "cats": [
      76
    ],
    "description": "Fanplayr is a real-time insights platform that provides website optimisation and personalisation solutions for businesses.",
    "dom": "link[href*='cdn.fanplayr.com']",
    "icon": "Fanplayr.svg",
    "js": {
      "fanplayr.platform.version": "^([\\d\\.]+)$\\;version:\\1"
    },
    "pricing": [
      "mid",
      "recurring"
    ],
    "saas": true,
    "scriptSrc": "cdn\\.fanplayr\\.com/.+/([\\d\\.]+)\\;version:\\1",
    "website": "https://fanplayr.com"
  },
  "FaraPy": {
    "cats": [
      1
    ],
    "html": "<!-- Powered by FaraPy.",
    "icon": "FaraPy.png",
    "implies": "Python",
    "website": "https://faral.tech"
  },
  "FareHarbor": {
    "cats": [
      5,
      72
    ],
    "description": "FareHarbor is an booking and schedule management solution intended for tour and activity companies.",
    "html": "<iframe[^>]+fareharbor",
    "icon": "FareHarbor.svg",
    "pricing": [
      "poa"
    ],
    "saas": true,
    "scriptSrc": "fareharbor\\.com/embeds/api/",
    "website": "https://fareharbor.com"
  },
  "Fast Bundle": {
    "cats": [
      100
    ],
    "description": "Fast Bundle gives you the ability to create product bundle offers with discounts.",
    "icon": "Fast Bundle.svg",
    "implies": "Shopify",
    "js": {
      "FastBundleConf.bundleBox": "",
      "FastBundleConf.cartInfo.app_version": "v([\\d\\.]+)\\;version:\\1"
    },
    "pricing": [
      "freemium",
      "recurring",
      "low"
    ],
    "saas": true,
    "scriptSrc": "api\\.fastbundle\\.co/",
    "website": "https://fastbundle.co"
  },
  "Fast Checkout": {
    "cats": [
      6
    ],
    "description": "Fast Checkout is a one-click purchases for buyers without requiring a password to log in.",
    "icon": "Fast Checkout.svg",
    "js": {
      "FAST_VERSION": "([\\d\\.]+)\\;version:\\1",
      "Fast.Events": ""
    },
    "pricing": [
      "payg"
    ],
    "saas": true,
    "scriptSrc": "js\\.fast\\.co/",
    "website": "https://www.fast.co"
  },
  "FastComet": {
    "cats": [
      88
    ],
    "description": "FastComet is a hosting service company from San Francisco, California.",
    "dns": {
      "SOA": "\\.fcomet\\.com"
    },
    "icon": "FastComet.png",
    "pricing": [
      "recurring",
      "payg"
    ],
    "website": "https://www.fastcomet.com"
  },
  "Fastcommerce": {
    "cats": [
      6
    ],
    "icon": "Fastcommerce.png",
    "meta": {
      "generator": "^Fastcommerce"
    },
    "website": "https://www.fastcommerce.com.br"
  },
  "Fasterize": {
    "cats": [
      92
    ],
    "description": "Fasterize is a website accelerator service.",
    "icon": "Fasterize.svg",
    "js": {
      "fstrz": ""
    },
    "website": "https://www.fasterize.com/"
  },
  "Fastly": {
    "cats": [
      31
    ],
    "description": "Fastly is a cloud computing services provider. Fastly's cloud platform provides a content delivery network, Internet security services, load balancing, and video & streaming services.",
    "headers": {
      "Fastly-Debug-Digest": "",
      "Vary": "Fastly-SSL",
      "X-Fastly-Request-ID": "",
      "server": "Fastly",
      "x-fastly-origin": "",
      "x-fastly-request-id": "",
      "x-via-fastly:": ""
    },
    "icon": "Fastly.svg",
    "pricing": [
      "payg"
    ],
    "website": "https://www.fastly.com",
    "xhr": "\\.fastly\\.net"
  },
  "Fastspring": {
    "cats": [
      6
    ],
    "html": [
      "<a [^>]*href=\"https?://sites\\.fastspring\\.com",
      "<form [^>]*action=\"https?://sites\\.fastspring\\.com"
    ],
    "icon": "fastspring.png",
    "website": "https://fastspring.com"
  },
  "Fat Zebra": {
    "cats": [
      41
    ],
    "description": "Fat Zebra provides a process of accepting credit card payments online.",
    "html": [
      "<(?:iframe|img|form)[^>]+paynow\\.pmnts\\.io",
      "<(?:iframe)[^>]+FatZebraFrame"
    ],
    "icon": "fatzebra.png",
    "scriptSrc": "paynow\\.pmnts\\.io",
    "website": "https://www.fatzebra.com/"
  },
  "Fat-Free Framework": {
    "cats": [
      18
    ],
    "headers": {
      "X-Powered-By": "^Fat-Free Framework$"
    },
    "icon": "Fat-Free Framework.png",
    "implies": "PHP",
    "website": "http://fatfreeframework.com"
  },
  "Fathom": {
    "cats": [
      10
    ],
    "description": "Fathom is easy-yet-powerful website analytics that protects digital privacy.",
    "icon": "Fathom.svg",
    "js": {
      "fathom.blockTrackingForMe": ""
    },
    "pricing": [
      "low",
      "recurring"
    ],
    "saas": true,
    "scriptSrc": "cdn\\.usefathom\\.com/",
    "website": "https://usefathom.com"
  },
  "Fbits": {
    "cats": [
      6
    ],
    "icon": "Fbits.png",
    "js": {
      "fbits": ""
    },
    "website": "https://www.traycorp.com.br"
  },
  "FeatherX": {
    "cats": [
      90
    ],
    "description": "FeatherX captures content from all major reviews and social media channels.",
    "icon": "FeatherX.svg",
    "js": {
      "featherx.clientId": ""
    },
    "pricing": [
      "poa"
    ],
    "saas": true,
    "website": "https://featherx.ai"
  },
  "FedEx": {
    "cats": [
      99
    ],
    "description": "FedEx is an American multinational company which focuses on transportation, ecommerce and business services.",
    "icon": "FedEx.svg",
    "requiresCategory": 6,
    "text": [
      "\\bFedEx\\b"
    ],
    "website": "https://www.fedex.com"
  },
  "Fedora": {
    "cats": [
      28
    ],
    "cpe": "cpe:2.3:o:fedoraproject:fedora:*:*:*:*:*:*:*:*",
    "description": "Fedora is a free open-source Linux-based operating system.",
    "headers": {
      "Server": "Fedora"
    },
    "icon": "Fedora.png",
    "website": "http://fedoraproject.org"
  },
  "Feedback Fish": {
    "cats": [
      13
    ],
    "description": "Feedback Fish is a widget for collecting website feedback from users.",
    "icon": "feedback-fish.svg",
    "scriptSrc": "^https://feedback\\.fish/ff\\.js",
    "website": "https://feedback.fish"
  },
  "Feefo": {
    "cats": [
      90
    ],
    "description": "Feefo is a cloud-based consumer review and rating management software.",
    "dom": "a[href*='.feefo.com/'][target='_blank'], link[href*='.feefo.com/'], img[src*='.feefo.com/']",
    "icon": "Feefo.svg",
    "js": {
      "feefoTracker": "",
      "feefoWidget": ""
    },
    "pricing": [
      "mid",
      "recurring"
    ],
    "saas": true,
    "scriptSrc": "\\.feefo\\.com/",
    "website": "https://www.feefo.com"
  },
  "Fenicio": {
    "cats": [
      6
    ],
    "description": "Fenicio is a cloud platform that handles all aspects of ecommerce sales channel operation and management.",
    "icon": "Fenicio.svg",
    "js": {
      "_FN.validadorTelefono": "",
      "fnWishlist.cargarInfoArticulos": "",
      "fneCommerce.miCompraVisto": ""
    },
    "pricing": [
      "mid",
      "recurring"
    ],
    "saas": true,
    "website": "https://fenicio.io"
  },
  "Fera": {
    "cats": [
      90
    ],
    "description": "Fera is a product review and social proof application for ecommerce websites.",
    "icon": "Fera.svg",
    "js": {
      "fera": ""
    },
    "pricing": [
      "low",
      "recurring"
    ],
    "saas": true,
    "scriptSrc": "cdn\\.fera\\.ai",
    "website": "https://fera.ai/"
  },
  "FilePond": {
    "cats": [
      59
    ],
    "description": "FilePond is a JavaScript library for file uploads.",
    "icon": "filepond.svg",
    "js": {
      "FilePond": "",
      "FilePond.create": "",
      "FilePond.setOptions": ""
    },
    "scriptSrc": "filepond.js",
    "website": "https://pqina.nl/filepond/"
  },
  "FinanceAds": {
    "cats": [
      71
    ],
    "description": "FinanceAds is a performance marketing agency that has grown affiliate network for the financial sector.",
    "dom": "link[href*='js.financeads.net'], link[href*='js.financeads.com'], a[href*='www.financeads.net/tc.php']",
    "icon": "Financeads.png",
    "pricing": [
      "payg"
    ],
    "saas": true,
    "website": "https://www.financeads.com"
  },
  "Findify": {
    "cats": [
      29,
      76
    ],
    "description": "Findify is an intelligent ecommerce search, navigation and personalisation solution.",
    "icon": "Findify.svg",
    "js": {
      "FindifyAnalytics": "",
      "findify": ""
    },
    "pricing": [
      "mid",
      "recurring"
    ],
    "saas": true,
    "scriptSrc": "@findify/bundle@([\\d.]+)/dist/.+\\.js\\;version:\\1",
    "website": "https://www.findify.io"
  },
  "Findmeashoe": {
    "cats": [
      76
    ],
    "description": "Findmeashoe is a footwear recommendation portal that aims to improve shopping efficiency and experience of footwear shoppers.",
    "icon": "Findmeashoe.png",
    "js": {
      "FmasJavaScript": "",
      "fmasGenderSizeTextVariantIdCollection": "",
      "fmasUniversalWidgetJsFileName": ""
    },
    "pricing": [
      "poa"
    ],
    "website": "https://findmeashoe.com"
  },
  "Fing": {
    "cats": [
      62
    ],
    "description": "Fing is a cloud service to deploy and manage your applications without being worried about your infrastructure and environment.",
    "headers": {
      "server": "^Fing"
    },
    "icon": "Fing.svg",
    "pricing": [
      "payg"
    ],
    "website": "https://fing.ir"
  },
  "FingerprintJS": {
    "cats": [
      59,
      83
    ],
    "description": "FingerprintJS is a browser fingerprinting library that queries browser attributes and computes a hashed visitor identifier from them.",
    "icon": "FingerprintJS.svg",
    "js": {
      "Fingerprint": "(\\d)?$\\;version:\\1",
      "Fingerprint2": "",
      "Fingerprint2.VERSION": "^(.+)$\\;version:\\1",
      "FingerprintJS": ""
    },
    "oss": true,
    "pricing": [
      "payg"
    ],
    "saas": true,
    "scriptSrc": [
      "fingerprint(?:/fp)?(\\d)?(?:\\.min)?\\.js\\;version:\\1",
      "fingerprintjs(?:\\-pro|2)?(?:@|/)(\\d.*?)?/\\;version:\\1"
    ],
    "website": "https://fingerprintjs.com"
  },
  "FintechOS": {
    "cats": [
      58
    ],
    "description": "FintechOS is a low-code platform for banking and insurance.",
    "icon": "FintechOS.svg",
    "js": {
      "FtosChat": "",
      "ftos.core.getB2CCulture": ""
    },
    "meta": {
      "ftos-app-version": "\\sv([\\d\\.]+)\\s\\;version:\\1"
    },
    "pricing": [
      "poa"
    ],
    "website": "https://fintechos.com"
  },
  "Firebase": {
    "cats": [
      34,
      47
    ],
    "cpe": "cpe:2.3:a:google:firebase_cloud_messaging:*:*:*:*:*:*:*:*",
    "description": "Firebase is a Google-backed application development software that enables developers to develop iOS, Android and Web apps.",
    "headers": {
      "vary": "x-fh-requested-host"
    },
    "icon": "Firebase.svg",
    "js": {
      "firebase.SDK_VERSION": "([\\d.]+)$\\;version:\\1"
    },
    "pricing": [
      "freemium",
      "payg"
    ],
    "scriptSrc": [
      "/(?:([\\d.]+)/)?firebase(?:\\.min)?\\.js\\;version:\\1",
      "/firebasejs/([\\d.]+)/firebase\\;version:\\1"
    ],
    "website": "https://firebase.google.com"
  },
  "Fireblade": {
    "cats": [
      31
    ],
    "headers": {
      "Server": "fbs"
    },
    "icon": "Fireblade.png",
    "website": "http://fireblade.com"
  },
  "Firepush": {
    "cats": [
      32,
      100
    ],
    "description": "Firepush is an omnichannel marketing app that helps Shopify stores to drive sales with automated web push, email and SMS campaigns.",
    "dom": "link[href*='cdn.firepush.net']",
    "icon": "Firepush.svg",
    "implies": "Shopify",
    "pricing": [
      "low",
      "freemium",
      "recurring"
    ],
    "saas": true,
    "scriptSrc": [
      "cdn\\.firepush\\.\\w+",
      "fpcdn\\.me/.+shopify"
    ],
    "website": "https://getfirepush.com"
  },
  "FirstHive": {
    "cats": [
      97
    ],
    "description": "FirstHive is a full-stack customer data platform that enables consumer marketers and brands to take control of their first-party data from all sources.",
    "icon": "FirstHive.svg",
    "pricing": [
      "mid",
      "recurring"
    ],
    "saas": true,
    "scriptSrc": "firsthive\\.com/engage/",
    "website": "https://firsthive.com"
  },
  "FirstImpression.io": {
    "cats": [
      36
    ],
    "description": "FirstImpression.io is a customized ad placements for publisher websites on their platform, with zero technical work.",
    "icon": "FirstImpression.io.png",
    "js": {
      "FI.options": "",
      "fiPrebidAnalyticsHandler": ""
    },
    "scriptSrc": "\\.firstimpression\\.io",
    "website": "https://www.firstimpression.io",
    "xhr": "\\.firstimpression\\.io"
  },
  "Fit Analytics": {
    "cats": [
      76
    ],
    "description": "Fit Analytics is a platform that provides clothing size recommendations for online customers by measuring individual dimensions via webcams.",
    "icon": "Fit Analytics.png",
    "js": {
      "FitAnalyticsWidget": "",
      "_fitAnalytics": ""
    },
    "pricing": [
      "poa"
    ],
    "saas": true,
    "scriptSrc": "\\.fitanalytics\\.com",
    "website": "https://www.fitanalytics.com"
  },
  "FlagSmith": {
    "cats": [
      85
    ],
    "description": "FlagSmith is an open-source, fully supported feature flag & remote configuration solution, which provides hosted API to help deployment to a private cloud or on-premises environment.",
    "icon": "FlagSmith.svg",
    "js": {
      "flagsmith": ""
    },
    "oss": true,
    "pricing": [
      "freemium",
      "low",
      "recurring"
    ],
    "saas": true,
    "scriptSrc": "cdn\\.flagsmith\\.com/",
    "website": "https://flagsmith.com"
  },
  "Flarum": {
    "cats": [
      2
    ],
    "cpe": "cpe:2.3:a:flarum:flarum:*:*:*:*:*:*:*:*",
    "description": "Flarum is a discussion platform.",
    "html": "<div id=\"flarum-loading\"",
    "icon": "flarum.png",
    "implies": [
      "PHP",
      "MySQL"
    ],
    "js": {
      "app.cache.discussionList": "",
      "app.forum.freshness": ""
    },
    "website": "http://flarum.org/"
  },
  "Flask": {
    "cats": [
      18,
      22
    ],
    "cpe": "cpe:2.3:a:palletsprojects:flask:*:*:*:*:*:*:*:*",
    "headers": {
      "Server": "Werkzeug/?([\\d\\.]+)?\\;version:\\1"
    },
    "icon": "Flask.png",
    "implies": "Python",
    "oss": true,
    "website": "http://flask.pocoo.org"
  },
  "Flat UI": {
    "cats": [
      66
    ],
    "html": "<link[^>]* href=[^>]+flat-ui(?:\\.min)?\\.css",
    "icon": "Flat UI.png",
    "implies": "Bootstrap",
    "website": "https://designmodo.github.io/Flat-UI/"
  },
  "Flazio": {
    "cats": [
      1,
      51
    ],
    "description": "Flazio is an Italian website builder.",
    "icon": "Flazio.svg",
    "js": {
      "_exaudiflazio": "",
      "flazio_global_conversion": ""
    },
    "pricing": [
      "freemium",
      "mid",
      "recurring"
    ],
    "saas": true,
    "scriptSrc": "//flazio\\.org/",
    "website": "https://flazio.com"
  },
  "Fleksa": {
    "cats": [
      6,
      93
    ],
    "description": "Fleksa is an online ordering system for restaurants and delivery.",
    "dom": "link[href*='//fleksa-cdn']",
    "icon": "Fleksa.svg",
    "implies": [
      "Node.js",
      "Next.js"
    ],
    "pricing": [
      "mid",
      "recurring"
    ],
    "saas": true,
    "website": "https://fleksa.com"
  },
  "FlexCMP": {
    "cats": [
      1
    ],
    "headers": {
      "X-Flex-Lang": "",
      "X-Powered-By": "FlexCMP.+\\[v\\. ([\\d.]+)\\;version:\\1"
    },
    "html": "<!--[^>]+FlexCMP[^>v]+v\\. ([\\d.]+)\\;version:\\1",
    "icon": "FlexCMP.png",
    "meta": {
      "generator": "^FlexCMP"
    },
    "website": "http://www.flexcmp.com/cms/home"
  },
  "FlexSlider": {
    "cats": [
      5
    ],
    "description": "FlexSlider is a free jQuery slider plugin.",
    "icon": "FlexSlider.png",
    "implies": "jQuery",
    "scriptSrc": [
      "jquery\\.flexslider(?:\\.min)?\\.js$"
    ],
    "website": "https://woocommerce.com/flexslider/"
  },
  "Flickity": {
    "cats": [
      59
    ],
    "description": "Flickity is a JavaScript slider library, built by David DeSandro of Metafizzy fame.",
    "dom": "style[data-context='foundation-flickity-css'], div.flickity-enabled",
    "js": {
      "Flickity": ""
    },
    "oss": true,
    "scriptSrc": "flickity(?:/|@)([\\d\\.]+).+flickity(?:\\.pkgd)?(?:\\.min)?\\.js\\;version:\\1",
    "website": "https://flickity.metafizzy.co"
  },
  "Flits": {
    "cats": [
      100
    ],
    "description": "Flits is a customer account pages that get all your shopper data in one place.",
    "icon": "Flits.png",
    "implies": "Shopify",
    "js": {
      "flitsObjects.accountPage": ""
    },
    "pricing": [
      "low",
      "recurring"
    ],
    "saas": true,
    "website": "https://getflits.com"
  },
  "Flocktory": {
    "cats": [
      94,
      84
    ],
    "description": "Flocktory is a social referral marketing platform that enables users to share personalised offers via social networks.",
    "dom": "iframe[src*='.flocktory.com/']",
    "icon": "Flocktory.png",
    "js": {
      "flocktory": "",
      "flocktoryPurchase": ""
    },
    "pricing": [
      "poa"
    ],
    "saas": true,
    "scriptSrc": "\\.flocktory\\.com/",
    "website": "https://www.flocktory.com"
  },
  "Flow": {
    "cats": [
      106
    ],
    "description": "Flow is an ecommerce platform that enables brands and retailers to sell their merchandise to customers internationally by creating localized shopping experiences.",
    "icon": "Flow.png",
    "js": {
      "flow.cart": "",
      "flow.countryPicker": "",
      "flow_cart_localize": ""
    },
    "pricing": [
      "poa"
    ],
    "saas": true,
    "scriptSrc": "(?:shopify-)?cdn\\.flow\\.io/",
    "website": "https://www.flow.io/"
  },
  "Flowbite": {
    "cats": [
      66
    ],
    "description": "Flowbite is an open-source library of UI components based on the utility-first Tailwind CSS framework featuring dark mode support, a Figma design system, and more.",
    "icon": "Flowbite.svg",
    "implies": "Tailwind CSS",
    "oss": true,
    "scriptSrc": "/flowbite(?:@([\\d\\.]+)/|\\.bundle\\.js)\\;version:\\1",
    "website": "https://github.com/themesberg/flowbite"
  },
  "Flowplayer": {
    "cats": [
      14
    ],
    "description": "Flowplayer is a scalable, performance-first HTML 5 video player and platform hosting solution for publishers, broadcasters and digital media.",
    "icon": "Flowplayer.svg",
    "js": {
      "flowplayer": "",
      "flowplayer.version": "([\\d\\.]+)\\;version:\\1"
    },
    "pricing": [
      "freemium",
      "low",
      "recurring"
    ],
    "saas": true,
    "website": "https://flowplayer.com"
  },
  "Flutter": {
    "cats": [
      66
    ],
    "description": "Flutter is an open source framework by Google for building beautiful, natively compiled, multi-platform applications from a single codebase.",
    "icon": "Flutter.svg",
    "implies": "Dart",
    "js": {
      "_flutter.loader": "",
      "_flutter_web_set_location_strategy": "",
      "flutterCanvasKit": ""
    },
    "meta": {
      "id": "^flutterweb-theme$"
    },
    "oss": true,
    "website": "https://flutter.dev"
  },
  "FluxBB": {
    "cats": [
      2
    ],
    "cpe": "cpe:2.3:a:fluxbb:fluxbb:*:*:*:*:*:*:*:*",
    "html": "<p id=\"poweredby\">[^<]+<a href=\"https?://fluxbb\\.org/\">",
    "icon": "FluxBB.png",
    "implies": "PHP",
    "website": "https://fluxbb.org"
  },
  "Fly.io": {
    "cats": [
      22
    ],
    "cookies": {
      "_fly": ""
    },
    "description": "Fly is a platform for running full stack apps and databases.",
    "headers": {
      "fly-request-id": "",
      "server": "^Fly/[\\w]+\\s\\(.*\\)$",
      "via": "^.*\\sfly\\.io$"
    },
    "icon": "Fly.io.png",
    "pricing": [
      "freemium",
      "payg"
    ],
    "website": "https://fly.io"
  },
  "Flyspray": {
    "cats": [
      13
    ],
    "cookies": {
      "flyspray_project": ""
    },
    "html": "(?:<a[^>]+>Powered by Flyspray|<map id=\"projectsearchform)",
    "icon": "Flyspray.png",
    "implies": "PHP",
    "website": "http://flyspray.org"
  },
  "Flywheel": {
    "cats": [
      62,
      88
    ],
    "headers": {
      "x-fw-hash": "",
      "x-fw-serve": "",
      "x-fw-server": "^Flywheel(?:/([\\d.]+))?\\;version:\\1",
      "x-fw-static": "",
      "x-fw-type": ""
    },
    "icon": "flywheel.svg",
    "implies": "WordPress",
    "website": "https://getflywheel.com"
  },
  "Fomo": {
    "cats": [
      32
    ],
    "description": "Fomo is a social proof marketing platform.",
    "icon": "Fomo.png",
    "js": {
      "fomo.version": "(.+)\\;version:\\1"
    },
    "pricing": [
      "low",
      "recurring"
    ],
    "saas": true,
    "scriptSrc": "fomo\\.com/api/v",
    "website": "https://fomo.com"
  },
  "Font Awesome": {
    "cats": [
      17
    ],
    "description": "Font Awesome is a font and icon toolkit based on CSS and Less.",
    "dom": {
      "link[href*='font-awesome']": {
        "attributes": {
          "href": "/font-awesome/([\\d\\.]+)/css/\\;version:\\1"
        }
      }
    },
    "html": [
      "<link[^>]* href=[^>]+(?:([\\d.]+)/)?(?:css/)?font-awesome(?:\\.min)?\\.css\\;version:\\1",
      "<link[^>]* href=[^>]*kit\\-pro\\.fontawesome\\.com/releases/v([0-9.]+)/\\;version:\\1"
    ],
    "icon": "font-awesome.svg",
    "js": {
      "FontAwesomeCdnConfig": "",
      "___FONT_AWESOME___": ""
    },
    "pricing": [
      "low",
      "freemium",
      "recurring"
    ],
    "scriptSrc": [
      "(?:F|f)o(?:n|r)t-?(?:A|a)wesome(?:.*?([0-9a-fA-F]{7,40}|[\\d]+(?:.[\\d]+(?:.[\\d]+)?)?)|)",
      "\\.fontawesome\\.com/([0-9a-z]+).js"
    ],
    "website": "https://fontawesome.com/"
  },
  "FontServer": {
    "cats": [
      17
    ],
    "description": "FontServer is a online font delivery network service-provider for websites.",
    "dom": {
      "link[href*='.font']": {
        "attributes": {
          "href": "\\.font(?:api|cdn)\\.ir"
        }
      }
    },
    "icon": "FontServer.svg",
    "website": "https://fontserver.ir"
  },
  "Fontify": {
    "cats": [
      100
    ],
    "description": "Fontify allows you to utilise any font without having to alter code.",
    "icon": "Fontify.png",
    "pricing": [
      "freemium",
      "payg"
    ],
    "requires": "Shopify",
    "saas": true,
    "scriptSrc": "fontify\\.nitroapps\\.co/",
    "website": "https://apps.shopify.com/fontify-change-customize-font-for-your-store"
  },
  "FooPlugins FooGallery": {
    "cats": [
      87,
      7
    ],
    "description": "FooPlugins FooGallery is a great image gallery plugin for WordPress.",
    "dom": {
      "link[href*='/wp-content/plugins/foogallery/']": {
        "attributes": {
          "href": "/wp-content/plugins/foogallery/.+\\.css(?:\\?ver=(\\d+(?:\\.\\d+)+))?\\;version:\\1"
        }
      }
    },
    "icon": "FooPlugins.svg",
    "js": {
      "FooGallery": ""
    },
    "pricing": [
      "freemium",
      "recurring",
      "low"
    ],
    "requires": "WordPress",
    "website": "https://fooplugins.com/foogallery-wordpress-gallery-plugin"
  },
  "Food-Ordering.co.uk": {
    "cats": [
      6,
      93
    ],
    "description": "Food-Ordering.co.uk is a multi-lingual food ordering system for several hospitality scenarios including online ordering for delivery/takeout, in-store ordering (order at table, room service, self ordering kiosk), telephone ordering with callerID, and table booking.",
    "icon": "Food-Ordering.co.uk.png",
    "js": {
      "GetOrderAcceptFor": "\\;confidence:25",
      "StoreToC": "\\;confidence:25",
      "disablecollection": "No\\;confidence:25",
      "disabledelivery": "No\\;confidence:25"
    },
    "pricing": [
      "low",
      "recurring",
      "onetime"
    ],
    "requires": [
      "Microsoft ASP.NET",
      "Bootstrap",
      "Plesk",
      "Google Maps"
    ],
    "saas": true,
    "website": "https://www.food-ordering.co.uk"
  },
  "FoodBooking": {
    "cats": [
      93
    ],
    "description": "FoodBooking is a virtual food court based on a curated list of restaurants that use the GloriaFood ordering system.",
    "dom": "a[href*='.foodbooking.com/ordering/restaurant/'][target='_blank']",
    "icon": "FoodBooking.png",
    "implies": "GloriaFood",
    "pricing": [
      "low",
      "recurring",
      "onetime"
    ],
    "saas": true,
    "scriptSrc": "\\.(?:fbgcdn|foodbooking)\\.com/",
    "website": "https://www.foodbooking.com"
  },
  "Foodomaa": {
    "cats": [
      93
    ],
    "cookies": {
      "foodomaa_session": ""
    },
    "description": "Foodomaa is a multi-restaurant food ordering and restaurant membership system.",
    "icon": "Foodomaa.svg",
    "pricing": [
      "freemium",
      "recurring",
      "low"
    ],
    "saas": true,
    "website": "https://foodomaa.com"
  },
  "Fork Awesome": {
    "cats": [
      17
    ],
    "description": "Fork Awesome is now a community effort based on Font Awesome by Dave Gandy.",
    "dom": {
      "link[href*='fork-awesome.min.css']": {
        "attributes": {
          "href": ".+fork-awesome\\.min\\.css(?:\\?ver=([\\d.]+))?\\;version:\\1"
        }
      },
      "link[href*='npm/fork-awesome']": {
        "attributes": {
          "href": "/npm/fork-awesome@([\\d.]+)/css/fork-awesome\\.min\\.css\\;version:\\1"
        }
      }
    },
    "icon": "Fork Awesome.png",
    "oss": true,
    "website": "https://forkaweso.me"
  },
  "Fork CMS": {
    "cats": [
      1
    ],
    "cpe": "cpe:2.3:a:fork-cms:fork_cms:*:*:*:*:*:*:*:*",
    "icon": "ForkCMS.png",
    "implies": "Symfony",
    "meta": {
      "generator": "^Fork CMS$"
    },
    "website": "http://www.fork-cms.com/"
  },
  "Formidable Form": {
    "cats": [
      87,
      73
    ],
    "description": "Formidable Forms is a WordPress plugin that enables you to create quizzes, surveys, calculators, timesheets, multi-page application forms.",
    "dom": "link[href*='/wp-content/plugins/formidable/']",
    "icon": "Formidable Form.png",
    "pricing": [
      "freemium",
      "low",
      "recurring"
    ],
    "requires": "WordPress",
    "website": "https://formidableforms.com"
  },
  "Formitable": {
    "cats": [
      93
    ],
    "description": "Formitable is an reservation management system for restaurants.",
    "icon": "Formitable.svg",
    "pricing": [
      "mid",
      "recurring"
    ],
    "saas": true,
    "scriptSrc": [
      "formitable\\.js(?:\\?ver=([\\d.]+))?\\;version:\\1",
      "cdn\\.formitable\\.com"
    ],
    "website": "https://formitable.com"
  },
  "ForoshGostar": {
    "cats": [
      6
    ],
    "cookies": {
      "Aws.customer": ""
    },
    "icon": "ForoshGostar.svg",
    "implies": "Microsoft ASP.NET",
    "meta": {
      "generator": "^Forosh\\s?Gostar.*|Arsina Webshop.*$"
    },
    "website": "https://www.foroshgostar.com"
  },
  "Forte": {
    "cats": [
      41
    ],
    "description": "Forte, a CSG Company offers merchants and partners a broad range of payment solutions.",
    "icon": "Forte.svg",
    "pricing": [
      "payg"
    ],
    "saas": true,
    "scriptSrc": "checkout\\.forte\\.net",
    "website": "https://www.forte.net"
  },
  "Forter": {
    "cats": [
      16
    ],
    "cookies": {
      "forterToken": ""
    },
    "description": "Forter is a SaaS company that provides fraud prevention technology for online retailers and marketplaces.",
    "icon": "Forter.svg",
    "js": {
      "ftr__startScriptLoad": ""
    },
    "pricing": [
      "poa"
    ],
    "saas": true,
    "scriptSrc": "forter\\.com",
    "website": "https://www.forter.com"
  },
  "Fortune3": {
    "cats": [
      6
    ],
    "html": "(?:<link [^>]*href=\"[^\\/]*\\/\\/www\\.fortune3\\.com\\/[^\"]*siterate\\/rate\\.css|Powered by <a [^>]*href=\"[^\"]+fortune3\\.com)",
    "icon": "Fortune3.png",
    "scriptSrc": "cartjs\\.php\\?(?:.*&)?s=[^&]*myfortune3cart\\.com",
    "website": "http://fortune3.com"
  },
  "Foswiki": {
    "cats": [
      8
    ],
    "cookies": {
      "FOSWIKISTRIKEONE": "",
      "SFOSWIKISID": ""
    },
    "cpe": "cpe:2.3:a:foswiki:foswiki:*:*:*:*:*:*:*:*",
    "description": "Foswiki is a free open-source collaboration platform.",
    "headers": {
      "X-Foswikiaction": "",
      "X-Foswikiuri": ""
    },
    "html": [
      "<div class=\"foswiki(?:Copyright|Page|Main)\">"
    ],
    "icon": "foswiki.png",
    "implies": "Perl",
    "js": {
      "foswiki": ""
    },
    "meta": {
      "foswiki.SERVERTIME": "",
      "foswiki.WIKINAME": ""
    },
    "website": "http://foswiki.org"
  },
  "Four": {
    "cats": [
      41,
      91
    ],
    "description": "Pay with four is a Buy now pay later solution.",
    "icon": "Four.svg",
    "js": {
      "Four": ""
    },
    "saas": true,
    "scriptSrc": "scripts\\.paywithfour\\.com",
    "website": "https://paywithfour.com/"
  },
  "Foursixty": {
    "cats": [
      96
    ],
    "description": "Foursixty is a widget which turns Instagram content and user-generated content into shoppable galleries.",
    "icon": "Foursixty.png",
    "js": {
      "FoursixtyEmbed": ""
    },
    "pricing": [
      "mid",
      "recurring"
    ],
    "saas": true,
    "scriptSrc": "foursixty\\.com",
    "website": "https://foursixty.com/"
  },
  "Fourthwall": {
    "cats": [
      6
    ],
    "description": "Fourthwall helps to create and launch a branded website.",
    "icon": "Fourthwall.svg",
    "js": {
      "FourthwallAnalytics": "",
      "fourthwallTheme": ""
    },
    "meta": {
      "version": "^(.+)$\\;version:\\1\\;confidence:0"
    },
    "pricing": [
      "payg"
    ],
    "saas": true,
    "scriptSrc": "\\.fourthwall\\.com",
    "website": "https://fourthwall.com/"
  },
  "Foxy.io": {
    "cats": [
      6
    ],
    "description": "Foxy’s hosted cart & payment page allow you to sell anything, using your existing website or platform.",
    "icon": "foxyio.svg",
    "pricing": [
      "payg",
      "recurring"
    ],
    "saas": true,
    "scriptSrc": "cdn\\.foxycart\\.com",
    "website": "https://www.foxy.io"
  },
  "Framer Sites": {
    "cats": [
      51
    ],
    "description": "Framer is primarily a design and prototyping tool. It allows you to design interactive prototypes of websites and applications using production components and real data.",
    "icon": "Framer Sites.svg",
    "implies": "React",
    "js": {
      "Framer": "",
      "Framer.Animatable": "",
      "Framer.version": "([\\d\\.]+)\\;version:\\1\\;confidence:0",
      "__framer_importFromPackage": ""
    },
    "oss": false,
    "pricing": [
      "low",
      "freemium",
      "recurring"
    ],
    "saas": true,
    "scriptSrc": "framerusercontent\\.com",
    "website": "https://framer.com/sites"
  },
  "France Express": {
    "cats": [
      99
    ],
    "description": "France Express is a delivery service based in France.",
    "icon": "France Express.svg",
    "requiresCategory": 6,
    "text": [
      "\\bFrance Express\\b"
    ],
    "website": "https://www.france-express.com"
  },
  "Frappe": {
    "cats": [
      18
    ],
    "description": "Frappe is a full stack, batteries-included, web framework written in Python and Javascript.",
    "icon": "Frappe.png",
    "implies": [
      "Python",
      "MariaDB"
    ],
    "js": {
      "frappe.avatar": ""
    },
    "meta": {
      "generator": "^frappe$"
    },
    "oss": true,
    "website": "https://frappeframework.com"
  },
  "FreakOut": {
    "cats": [
      36
    ],
    "description": "FreakOut is a marketing technology company with programmatic solutions (DSP,SSP) that delivers in-feed display and video formats across global publishers.",
    "dom": "img[src*='.fout.jp/'], link[href*='.fout.jp']",
    "icon": "FreakOut.png",
    "js": {
      "FOut": "",
      "_fout_jsurl": "",
      "_fout_queue": ""
    },
    "pricing": [
      "poa"
    ],
    "saas": true,
    "scriptSrc": "\\.fout\\.jp/",
    "website": "https://www.fout.co.jp"
  },
  "FreeBSD": {
    "cats": [
      28
    ],
    "cpe": "cpe:2.3:o:freebsd:freebsd:*:*:*:*:*:*:*:*",
    "description": "FreeBSD is a free and open-source Unix-like operating system.",
    "headers": {
      "Server": "FreeBSD(?: ([\\d.]+))?\\;version:\\1"
    },
    "icon": "FreeBSD.png",
    "website": "http://freebsd.org"
  },
  "FreeTextBox": {
    "cats": [
      24
    ],
    "description": "FreeTextBox is a free open-source HTML Editor.",
    "html": "<!-- \\* FreeTextBox v\\d \\((\\d+\\.\\d+\\.\\d+)\\;version:\\1",
    "icon": "FreeTextBox.png",
    "implies": "Microsoft ASP.NET",
    "js": {
      "FTB_API": "",
      "FTB_AddEvent": ""
    },
    "website": "http://freetextbox.com"
  },
  "Freespee": {
    "cats": [
      10
    ],
    "icon": "Freespee.svg",
    "scriptSrc": "analytics\\.freespee\\.com/js/external/fs\\.(?:min\\.)?js",
    "website": "https://www.freespee.com"
  },
  "Frequenceo": {
    "cats": [
      99
    ],
    "description": "Frequenceo is a fixed-rate postage service in France.",
    "icon": "La Poste.svg",
    "requiresCategory": 6,
    "text": [
      "\\bFrequenceo\\b"
    ],
    "website": "https://www.laposte.fr/entreprise/produit-entreprise/frequenceo"
  },
  "Frequently Bought Together": {
    "cats": [
      100
    ],
    "description": "Frequently Bought Together is a Shopify app which add Amazon-like 'Customers Who Bought This Item Also Bought' product recommendations to your store.",
    "icon": "Frequently Bought Together.png",
    "pricing": [
      "freemium",
      "low",
      "recurring"
    ],
    "requires": "Shopify",
    "saas": true,
    "scriptSrc": "\\.codeblackbelt\\.com/js/modules/frequently-bought-together/",
    "website": "https://www.codeblackbelt.com"
  },
  "Fresco": {
    "cats": [
      59
    ],
    "description": "Fresco is a responsive lightbox. Fresco comes with thumbnail support, fullscreen zoom, Youtube and Vimeo integration for HTML5 video and a powerful Javascript API.",
    "icon": "default.svg",
    "js": {
      "Fresco.version": "^([\\d\\.]+)$\\;version:\\1"
    },
    "oss": true,
    "pricing": [
      "freemium"
    ],
    "website": "https://github.com/staaky/fresco"
  },
  "Fresh": {
    "cats": [
      18,
      22
    ],
    "description": "Fresh is a full stack modern web framework for JavaScript and TypeScript developers, designed to make it trivial to create high-quality, performant, and personalized web applications.",
    "dom": [
      "style[id='__FRSH_TWIND']",
      "style[id='__FRSH_STYLE']",
      "script[id='__FRSH_STATE']"
    ],
    "icon": "fresh.svg",
    "implies": [
      "Deno",
      "Preact"
    ],
    "oss": true,
    "website": "https://fresh.deno.dev"
  },
  "Freshchat": {
    "cats": [
      52
    ],
    "description": "Freshchat is a cloud-hosted live messaging and engagement application.",
    "icon": "Freshchat.svg",
    "js": {
      "Freshbots": ""
    },
    "pricing": [
      "low",
      "recurring"
    ],
    "saas": true,
    "scriptSrc": "wchat\\.freshchat\\.com/js/widget\\.js",
    "website": "https://www.freshworks.com/live-chat-software/"
  },
  "Freshop": {
    "cats": [
      6
    ],
    "description": "Freshop is an online platform for grocers.",
    "icon": "Freshop.png",
    "js": {
      "freshop": "",
      "freshopInitialized": ""
    },
    "meta": {
      "author": "^Freshop, Inc\\.$"
    },
    "pricing": [
      "payg"
    ],
    "saas": true,
    "scriptSrc": "asset(?:cdn)?\\.freshop\\.com/",
    "website": "https://www.freshop.com"
  },
  "Freshteam": {
    "cats": [
      101
    ],
    "description": "Freshteam is a cloud-based HR and applicant tracking solution offered by Freshworks.",
    "dom": "a[href*='.freshteam.com/jobs']",
    "icon": "Freshteam.svg",
    "pricing": [
      "freemium",
      "payg",
      "recurring"
    ],
    "saas": true,
    "scriptSrc": "assets\\.freshteam\\.com/",
    "website": "https://www.freshworks.com/hrms/"
  },
  "Freshworks CRM": {
    "cats": [
      53,
      32,
      74
    ],
    "description": "Freshworks CRM is a cloud-based customer relationship management (CRM) solution. Key features include one-click phone, sales lead tracking, sales management, event tracking and more.",
    "icon": "Freshworks CRM.svg",
    "js": {
      "ZargetForm": "",
      "zarget": "",
      "zargetAPI": ""
    },
    "pricing": [
      "mid",
      "recurring"
    ],
    "saas": true,
    "scriptSrc": [
      "cdn\\.freshmarketer\\.com",
      "cdn\\.zarget\\.com"
    ],
    "website": "https://www.freshworks.com/crm"
  },
  "Friendbuy": {
    "cats": [
      94
    ],
    "description": "Friendbuy is a cloud-based referral marketing solution designed to help ecommerce businesses of all sizes.",
    "icon": "Friendbuy.svg",
    "js": {
      "friendbuy": "",
      "friendbuyAPI.merchantId": ""
    },
    "pricing": [
      "mid",
      "recurring"
    ],
    "saas": true,
    "scriptSrc": [
      "\\.cloudfront\\.net/js/friendbuy\\.min\\.js",
      "static\\.fbot\\.me/friendbuy\\.js"
    ],
    "website": "https://www.friendbuy.com"
  },
  "Friendly Captcha": {
    "cats": [
      16
    ],
    "description": "Friendly Captcha is a proof-of-work based solution in which the user’s device does all the work.",
    "dom": "div.frc-captcha",
    "icon": "FriendlyCaptcha.svg",
    "pricing": [
      "low",
      "freemium",
      "recurring",
      "poa"
    ],
    "saas": true,
    "scripts": "x-frc-client\",\"js-(\\d+(\\.\\d+)+)\\;version:\\1",
    "website": "https://friendlycaptcha.com",
    "xhr": "api.friendlycaptcha.com"
  },
  "Frizbit": {
    "cats": [
      32
    ],
    "description": "Frizbit is a marketing tool that helps digital marketeers increase web traffic and revenue by combining web push notification.",
    "dom": "link[href*='cdn.frizbit.com']",
    "icon": "Frizbit.png",
    "js": {
      "frizbit.configurationManager": "",
      "frizbit.remoteConfigs": ""
    },
    "pricing": [
      "low",
      "recurring",
      "poa"
    ],
    "saas": true,
    "scriptSrc": "cdn\\.frizbit\\.com/",
    "website": "https://frizbit.com"
  },
  "Froala Editor": {
    "cats": [
      24
    ],
    "description": "Froala Editor is a WYSIWYG HTML Editor written in Javascript that enables rich text editing capabilities for applications.",
    "dom": {
      ".fr-view, .fr-box, .fr-popup": {
        "exists": "\\;version:2+"
      },
      ".froala-box": {
        "exists": "\\;version:1"
      }
    },
    "icon": "Froala.svg",
    "implies": [
      "jQuery",
      "Font Awesome"
    ],
    "js": {
      "FroalaEditor.VERSION": "([\\d\\.]+)\\;version:\\1"
    },
    "website": "http://froala.com/wysiwyg-editor"
  },
  "Front Chat": {
    "cats": [
      52
    ],
    "description": "Front Chat is the live website chat solution that you can manage straight from your inbox.",
    "icon": "Front Chat.svg",
    "js": {
      "FrontChat": ""
    },
    "pricing": [
      "low",
      "recurring"
    ],
    "saas": true,
    "scriptSrc": "//chat-assets\\.frontapp\\.com/",
    "website": "https://front.com"
  },
  "FrontPage": {
    "cats": [
      20
    ],
    "cpe": "cpe:2.3:a:microsoft:frontpage:*:*:*:*:*:*:*:*",
    "description": "FrontPage is a program for developing and maintaining websites.",
    "icon": "FrontPage.png",
    "meta": {
      "ProgId": "^FrontPage\\.",
      "generator": "Microsoft FrontPage(?:\\s((?:Express )?[\\d.]+))?\\;version:\\1"
    },
    "website": "http://office.microsoft.com/frontpage"
  },
  "Frontastic": {
    "cats": [
      51
    ],
    "description": "Frontastic is a Commerce Frontend Platform that unites business and development teams to build commerce sites on headless.",
    "headers": {
      "frontastic-request-id": ""
    },
    "icon": "Frontastic.png",
    "saas": true,
    "website": "https://www.frontastic.cloud/"
  },
  "Frontify": {
    "cats": [
      95
    ],
    "description": "Frontify is a cloud-based brand management platform for creators and collaborators of brands.",
    "dom": "a[href*='.frontify.com/'], img[src*='.frontify.com/'], link[href*='.frontify.com/']",
    "icon": "Frontify.svg",
    "pricing": [
      "poa"
    ],
    "saas": true,
    "website": "https://www.frontify.com"
  },
  "Frontity": {
    "cats": [
      12,
      18
    ],
    "description": "Frontity is a React open-source framework focused on WordPress.",
    "icon": "frontity.png",
    "implies": [
      "React",
      "webpack",
      "WordPress"
    ],
    "meta": {
      "generator": "^Frontity"
    },
    "website": "https://frontity.org"
  },
  "Frosmo": {
    "cats": [
      32,
      74
    ],
    "description": "Frosmo is a SaaS company which provides AI-driven personalisation products.",
    "icon": "Frosmo.png",
    "js": {
      "_frosmo": "",
      "frosmo": ""
    },
    "pricing": [
      "poa"
    ],
    "saas": true,
    "scriptSrc": "frosmo\\.easy\\.js",
    "website": "https://frosmo.com"
  },
  "FullContact": {
    "cats": [
      10
    ],
    "description": "FullContact is a privacy-safe Identity Resolution company building trust between people and brands.",
    "icon": "FullContact.svg",
    "js": {
      "Fullcontact": ""
    },
    "pricing": [
      "mid",
      "recurring"
    ],
    "saas": true,
    "scriptSrc": "tags\\.fullcontact\\.com/",
    "website": "https://www.fullcontact.com"
  },
  "FullStory": {
    "cats": [
      10
    ],
    "description": "FullStory is a web-based digital intelligence system that helps optimize the client experience.",
    "icon": "FullStory.svg",
    "js": {
      "FS.clearUserCookie": ""
    },
    "pricing": [
      "freemium",
      "mid",
      "recurring"
    ],
    "saas": true,
    "scriptSrc": "\\.fullstory\\.com/",
    "website": "https://www.fullstory.com"
  },
  "Fundiin": {
    "cats": [
      91
    ],
    "description": "Fundiin is the BNPL leader in Vietnam in providing zero-cost buy-now-pay-later facilities.",
    "icon": "Fundiin.svg",
    "js": {
      "websiteEnableSuggestFundiin": "true",
      "websiteMaximumSuggestFundiinWithPrediction": ""
    },
    "saas": true,
    "website": "https://fundiin.vn"
  },
  "FunnelCockpit": {
    "cats": [
      32
    ],
    "description": "FunnelCockpit is an all-in-one funnel builder.",
    "dom": "a[href*='.funnelcockpit.com/'][target='_blank'], iframe[src*='.funnelcockpit.com/']",
    "icon": "FunnelCockpit.png",
    "pricing": [
      "mid",
      "recurring"
    ],
    "saas": true,
    "scriptSrc": "\\.funnelcockpit\\.com/",
    "website": "https://funnelcockpit.com"
  },
  "FurnitureDealer": {
    "cats": [
      6
    ],
    "description": "FurnitureDealer is the internet partner of more than 100 leading local full service brick and mortar furniture retailers.",
    "icon": "FurnitureDealer.png",
    "pricing": [
      "poa"
    ],
    "scriptSrc": "\\.furnituredealer\\.net/",
    "website": "https://www.furnituredealer.net"
  },
  "Fusion Ads": {
    "cats": [
      36
    ],
    "icon": "Fusion Ads.png",
    "js": {
      "_fusion": ""
    },
    "scriptSrc": "^[^\\/]*//[ac]dn\\.fusionads\\.net/(?:api/([\\d.]+)/)?\\;version:\\1",
    "website": "http://fusionads.net"
  },
  "Future Shop": {
    "cats": [
      6
    ],
    "icon": "futureshop.png",
    "scriptSrc": "future-shop.*\\.js",
    "website": "https://www.future-shop.jp"
  },
  "Futurio": {
    "cats": [
      80
    ],
    "description": "Futurio is a lightweight and customizable multi-purpose and WooCommerce WordPress theme.",
    "dom": "link[href*='/wp-content/themes/futurio/']",
    "icon": "Futurio.png",
    "pricing": [
      "freemium",
      "low",
      "recurring",
      "onetime"
    ],
    "requires": "WordPress",
    "scriptSrc": "/wp-content/themes/futurio/.+customscript\\.js(?:\\?ver=([\\d\\.]+))?\\;version:\\1",
    "website": "https://futuriowp.com"
  },
  "Fynd Platform": {
    "cats": [
      6
    ],
    "description": "Fynd Platform is a subscription based software as a service where brands can mange their catalog, send marketing sms/emailers and sell their products.",
    "icon": "Fynd Platform.png",
    "implies": "Vue.js",
    "js": {
      "__fyndAction": ""
    },
    "pricing": [
      "high",
      "recurring",
      "payg"
    ],
    "saas": true,
    "website": "https://platform.fynd.com"
  },
  "fullPage.js": {
    "cats": [
      59
    ],
    "description": "fullPage.js a jQuery and vanilla JavaScript plugin for fullscreen scrolling websites.",
    "icon": "fullPage.js.png",
    "implies": "jQuery",
    "js": {
      "fullpage_api.version": "([\\d\\.]+)\\;version:\\1"
    },
    "oss": true,
    "scriptSrc": "/fullPage\\.js(?:/([\\d\\.]+)/)?\\;version:\\1",
    "website": "https://github.com/alvarotrigo/fullpage.js"
  }
}